buy_threshold_1,buy_threshold_2,buy_threshold_3,sell_threshold_1,sell_threshold_2,sell_threshold_3,full_total_return_pct,full_benchmark_return_pct,full_excess_return_pct,full_max_drawdown_pct,full_final_equity,full_buys,full_sells,full_strategy_score,full_cagr_pct,full_benchmark_cagr_pct,train_total_return_pct,train_benchmark_return_pct,train_excess_return_pct,train_max_drawdown_pct,train_final_equity,train_buys,train_sells,train_strategy_score,train_cagr_pct,train_benchmark_cagr_pct,test_total_return_pct,test_benchmark_return_pct,test_excess_return_pct,test_max_drawdown_pct,test_final_equity,test_buys,test_sells,test_strategy_score,test_cagr_pct,test_benchmark_cagr_pct,robust_score
70.0,75.0,80.0,15.0,20.0,25.0,877.7355268164551,370.0501494768311,507.6853773396241,-65.91202032537791,977735.5268164552,45,33,844.7795166537662,30.295070063184948,19.677088727559887,564.5810548856691,216.0207772795217,348.56027760614745,-65.91202032537791,664581.0548856691,30,23,531.6250447229802,37.146656466669256,21.15545826848697,11.570536178561095,42.357063392451934,-30.786527213890835,-47.57698296791675,111570.5361785611,12,7,-12.217955305397275,4.27178340173251,14.445861132594809,2.559119981149345
70.0,75.0,80.0,10.0,15.0,25.0,808.4508797724359,370.0501494768311,438.4007302956048,-67.31777461415898,908450.879772436,43,27,774.7919924653564,29.18832330405321,19.677088727559887,493.7755882611976,216.0207772795217,277.754810981676,-67.31777461415898,593775.5882611977,28,18,460.1167009541181,34.59389753188871,21.15545826848697,13.840226161018744,42.357063392451934,-28.5168372314332,-48.8213981692172,113840.22616101874,11,6,-10.57047292358986,5.077175875722872,14.445861132594809,2.4476317821569253
70.0,75.0,80.0,15.0,25.0,30.0,610.5691161672161,370.0501494768311,240.518966690385,-64.50483290025318,710569.1161672161,45,47,578.3166997170895,25.556706340533907,19.677088727559887,395.3628390085906,216.0207772795217,179.3420617290689,-64.50483290025318,495362.83900859056,30,33,363.110422558464,30.586986442282505,21.15545826848697,14.610629541469924,42.357063392451934,-27.74643385098201,-43.67441114241245,114610.62954146993,12,10,-7.226576029736304,5.348293302048268,14.445861132594809,2.337174594027668
70.0,75.0,80.0,15.0,20.0,30.0,693.1888383333123,370.0501494768311,323.1386888564813,-65.8287462336625,793188.8383333123,45,41,660.2744652164811,27.16988280703909,19.677088727559887,452.953996081461,216.0207772795217,236.9332188019393,-65.8287462336625,552953.996081461,30,27,420.03962296462976,33.00448380442029,21.15545826848697,12.249983822919685,42.357063392451934,-30.10707956953225,-45.06050071138208,112249.98382291968,12,10,-10.280266532771352,4.513936684122433,14.445861132594809,2.1397333079064698
70.0,75.0,80.0,10.0,15.0,30.0,639.7252491984735,370.0501494768311,269.6750997216425,-67.81479212174185,739725.2491984735,42,34,605.8178531376026,26.14407333014504,19.677088727559887,394.8374570372673,216.0207772795217,178.81667975774562,-67.81479212174185,494837.4570372673,27,21,360.9300609763964,30.563876985905104,21.15545826848697,14.415094511874216,42.357063392451934,-27.94196888057772,-46.24732518322438,114415.0945118742,12,9,-8.708568079737976,5.279588263307278,14.445861132594809,2.030603023489352
70.0,75.0,80.0,10.0,15.0,20.0,870.9217249782499,370.0501494768311,500.8715755014189,-68.76302034634452,970921.72497825,39,18,836.5402148050777,30.18935642190057,19.677088727559887,543.9961670758296,216.0207772795217,327.9753897963079,-68.76302034634452,643996.1670758296,24,10,509.6146569026573,36.428850109952094,21.15545826848697,11.02858149570116,42.357063392451934,-31.328481896750773,-50.33136773408207,111028.58149570116,10,5,-14.137102371339871,4.0779781204709264,14.445861132594809,2.014146800369353
70.0,75.0,80.0,20.0,25.0,30.0,612.9649497052588,370.0501494768311,242.9148002284278,-64.50483290025318,712964.949705259,46,51,580.7125332551323,25.60576745549714,19.677088727559887,420.4539289625688,216.0207772795217,204.43315168304704,-64.50483290025318,520453.9289625688,31,37,388.20151251244215,31.66757208702191,21.15545826848697,11.883810844118448,42.357063392451934,-30.473252548333488,-43.713269099392136,111883.81084411844,12,10,-9.97282370557762,4.383546523888127,14.445861132594809,1.9223205214734884
70.0,75.0,80.0,10.0,20.0,25.0,780.9399003769572,370.0501494768311,410.88975090012616,-65.91202032537791,880939.9003769573,45,31,747.9838902142683,28.728059282013763,19.677088727559887,511.5145964587781,216.0207772795217,295.4938191792563,-65.91202032537791,611514.596458778,30,22,478.55858629608906,35.25632310423647,21.15545826848697,10.736696907903266,42.357063392451934,-31.62036648454867,-48.83185934246035,110736.69690790326,11,6,-13.679232763326908,3.973356686870821,14.445861132594809,1.861588306548332
65.0,75.0,80.0,10.0,15.0,25.0,693.101208744243,370.0501494768311,323.0510592674119,-71.56816864322656,793101.208744243,57,27,657.3171244226297,27.16825211053497,19.677088727559887,416.2040907168322,216.0207772795217,200.1833134373105,-71.56816864322656,516204.0907168322,33,18,380.4200063952189,31.48764466905247,21.15545826848697,14.151225276871228,42.357063392451934,-28.205838115580708,-49.62622509595936,114151.22527687124,13,6,-10.661887271108451,5.186757551574339,14.445861132594809,1.8171266062189173
70.0,75.0,80.0,10.0,25.0,30.0,554.3028053400864,370.0501494768311,184.2526558632553,-64.50483290025318,654302.8053400863,45,45,522.0503888899598,24.36027254410684,19.677088727559887,359.9018533900039,216.0207772795217,143.8810761104822,-64.50483290025318,459901.8533900039,30,32,327.6494369398773,28.97924785229253,21.15545826848697,14.10584167869089,42.357063392451934,-28.251221713761044,-44.77189868775891,114105.8416786909,12,9,-8.280107665188567,5.170777980992436,14.445861132594809,1.7904931628087386
65.0,70.0,90.0,10.0,15.0,25.0,665.10167490078,370.0501494768311,295.051525423949,-68.0068817384932,765101.6749007801,56,27,631.0982340315335,26.6388688537303,19.677088727559887,399.56278695619625,216.0207772795217,183.54200967667447,-68.0068817384932,499562.7869561963,31,18,365.5593460869496,30.7709948535948,21.15545826848697,14.413420146320588,42.357063392451934,-27.943643246131344,-49.82455753826146,114413.42014632058,13,6,-10.49885862281014,5.278999629189096,14.445861132594809,1.713920749346765
65.0,75.0,80.0,15.0,20.0,25.0,717.7956845804725,370.0501494768311,347.7455351036415,-66.85773884784429,817795.6845804725,62,33,684.3668151565504,27.621610084189307,19.677088727559887,453.8465167711069,216.0207772795217,237.82573949158515,-66.85773884784429,553846.5167711069,38,23,420.4176473471847,33.04026458679148,21.15545826848697,11.763228401694304,42.357063392451934,-30.59383499075763,-48.448006334006266,111763.2284016943,12,7,-12.46077476530883,4.340550738853777,14.445861132594809,1.6954380376936615
65.0,70.0,90.0,10.0,15.0,20.0,759.6316128978222,370.0501494768311,389.5814634209911,-68.69954755064364,859631.6128978222,53,18,725.2818391225003,28.36275217819535,19.677088727559887,475.9665610677857,216.0207772795217,259.94578378826395,-68.69954755064364,575966.5610677857,28,10,441.6167872924639,33.91205715647665,21.15545826848697,11.813733273577242,42.357063392451934,-30.54333011887469,-51.205639655949774,111813.73327357724,11,5,-13.789086554397644,4.358562623894291,14.445861132594809,1.6057409447126796
65.0,70.0,90.0,15.0,20.0,25.0,682.4893846903589,370.0501494768311,312.4392352135278,-63.353469619766,782489.3846903589,58,33,650.8126498804759,26.96958958197284,19.677088727559887,431.1224251141149,216.0207772795217,215.1016478345932,-63.353469619766,531122.4251141149,33,23,399.4456903042319,32.11391361823601,21.15545826848697,12.176692956133127,42.357063392451934,-30.180370436318807,-48.61705364117197,112176.69295613312,13,7,-12.131833864452858,4.487859677114403,14.445861132594809,1.5890139231354057
65.0,70.0,75.0,10.0,15.0,25.0,602.2148982641858,370.0501494768311,232.1647487873547,-72.52372038362083,702214.8982641858,57,27,565.9530380723753,25.384479653184243,19.677088727559887,364.99666915237634,216.0207772795217,148.97589187285465,-72.52372038362083,464996.6691523764,29,18,328.73480896056594,29.21645828949948,21.15545826848697,15.195631739459747,42.357063392451934,-27.161431652992185,-49.9318820219321,115195.63173945976,8,6,-9.770309271506305,5.5534137087579705,14.445861132594809,1.570650139880406
65.0,70.0,90.0,15.0,25.0,30.0,475.5694842678049,370.0501494768311,105.51933479097386,-62.86622086145797,575569.4842678049,58,47,444.136373837076,22.52343482148531,19.677088727559887,294.8257012424846,216.0207772795217,78.80492396296293,-62.86622086145797,394825.7012424846,33,33,263.39259081175567,25.73870563553624,21.15545826848697,15.58923334960387,42.357063392451934,-26.767830042848065,-44.26929530727698,115589.23334960386,14,10,-6.545414304034619,5.6910609756005925,14.445861132594809,1.5308290040009749
65.0,75.0,80.0,10.0,15.0,20.0,757.9565031085313,370.0501494768311,387.9063536317002,-72.05031436866737,857956.5031085312,53,18,721.9313459241976,28.33369605105167,19.677088727559887,472.5785908422649,216.0207772795217,256.55781356274326,-72.05031436866737,572578.5908422649,29,10,436.5534336579312,33.7803604493196,21.15545826848697,11.477589508334528,42.357063392451934,-30.87947388411741,-51.05334716197909,111477.58950833452,11,5,-14.049084072655017,4.238586674444211,14.445861132594809,1.5166464855357873
65.0,70.0,75.0,10.0,15.0,20.0,678.7680958877431,370.0501494768311,308.7179464109121,-72.76961253470701,778768.0958877432,51,18,642.3832896203896,26.899359573262327,19.677088727559887,433.7273913469859,216.0207772795217,217.7066140674642,-72.76961253470701,533727.3913469858,23,10,397.3425850796324,32.221762704956646,21.15545826848697,12.83548200716984,42.357063392451934,-29.521581385282094,-51.20062273250184,112835.48200716983,7,5,-12.764829359081077,4.721881117788396,14.445861132594809,1.504340767784641
65.0,70.0,85.0,10.0,15.0,25.0,625.7228436635036,370.0501494768311,255.6726941866725,-69.75829605379376,725722.8436635035,54,27,590.8436956366066,25.864591096752164,19.677088727559887,373.89862656336527,216.0207772795217,157.87784928384357,-69.75829605379376,473898.6265633653,29,18,339.0194785364684,29.625777618690183,21.15545826848697,14.413420146320588,42.357063392451934,-27.943643246131344,-49.82455753826146,114413.42014632058,13,6,-10.49885862281014,5.278999629189096,14.445861132594809,1.484877302365842
70.0,75.0,80.0,10.0,20.0,30.0,620.4239612984378,370.0501494768311,250.37381182160675,-65.8287462336625,720423.9612984378,45,39,587.5095881816065,25.75758310695555,19.677088727559887,408.0437190954586,216.0207772795217,192.0229418159369,-65.8287462336625,508043.7190954586,30,26,375.1293459786274,31.13866657197144,21.15545826848697,11.47610936169794,42.357063392451934,-30.880954030754,-46.28746938124908,111476.10936169792,12,9,-11.6676253289266,4.238057888622926,14.445861132594809,1.4645517773553198
65.0,70.0,80.0,10.0,15.0,25.0,613.5020005732069,370.0501494768311,243.4518510963759,-72.2936414500353,713502.0005732069,56,27,577.3551798481893,25.61674501413038,19.677088727559887,357.1638809396039,216.0207772795217,141.14310366008223,-72.2936414500353,457163.8809396039,30,18,321.0170602145863,28.85086423470753,21.15545826848697,14.906110369017256,42.357063392451934,-27.45095302343468,-49.818116980839925,114906.11036901725,10,6,-10.002948121402708,5.451978949724512,14.445861132594809,1.4429752396594846
65.0,75.0,80.0,10.0,15.0,30.0,558.4688426626066,370.0501494768311,188.4186931857755,-71.70441709061444,658468.8426626066,57,34,522.6166341172993,24.45191580596344,19.677088727559887,336.0970060213963,216.0207772795217,120.0762287418746,-71.70441709061444,436097.00602139626,33,21,300.24479747608905,27.841010838885083,21.15545826848697,14.627382102410568,42.357063392451934,-27.729681290041366,-47.25347198891602,114627.38210241056,14,9,-8.999353892047441,5.354176270676447,14.445861132594809,1.433897318306144
65.0,70.0,85.0,15.0,25.0,30.0,455.64995369095067,370.0501494768311,85.59980421411962,-65.03841786006608,555649.9536909506,58,47,423.1307447609177,22.023593218713835,19.677088727559887,280.6926514405046,216.0207772795217,64.67187416098292,-65.03841786006608,380692.6514405046,33,33,248.1734425104716,24.97659590374688,21.15545826848697,15.588610243783286,42.357063392451934,-26.768453148668648,-44.26959573427586,115588.61024378327,14,10,-6.546187623354644,5.690843296999337,14.445861132594809,1.378235523852397
65.0,75.0,80.0,15.0,25.0,30.0,498.7196832913443,370.0501494768311,128.66953381451327,-66.67153098077311,598719.6832913443,62,47,465.38391780095776,23.08548203654908,19.677088727559887,311.3206540426543,216.0207772795217,95.29987676313264,-66.67153098077311,411320.6540426543,38,33,277.98488855226776,26.59994923916418,21.15545826848697,14.267747568452416,42.357063392451934,-28.08931582399952,-44.73951277965922,114267.7475684524,14,10,-8.102008821377195,5.227767093910951,14.445861132594809,1.354914954390071
65.0,70.0,85.0,15.0,20.0,25.0,637.9199747242737,370.0501494768311,267.8698252474427,-67.12471481940833,737919.9747242737,57,33,604.3576173145696,26.10830472280832,19.677088727559887,400.8637017076372,216.0207772795217,184.84292442811548,-67.12471481940833,500863.7017076372,32,23,367.301344297933,30.82772914371159,21.15545826848697,12.176692956133127,42.357063392451934,-30.180370436318807,-48.61705364117197,112176.69295613312,13,7,-12.131833864452858,4.487859677114403,14.445861132594809,1.3317770282305204
65.0,70.0,80.0,10.0,15.0,20.0,693.1038268665199,370.0501494768311,323.0536773896888,-72.52344916589631,793103.8268665199,51,18,656.8421022835716,27.1683008334052,19.677088727559887,425.03904475476577,216.0207772795217,209.01826747524407,-72.52344916589631,525039.0447547658,25,10,388.7773201718176,31.86032662223004,21.15545826848697,12.28618382587774,42.357063392451934,-30.070879566574195,-51.20330864029911,112286.18382587771,8,5,-13.315470494271814,4.526812821142312,14.445861132594809,1.3049905676396387
65.0,70.0,85.0,10.0,15.0,20.0,697.5689736446415,370.0501494768311,327.5188241678104,-70.6431949192995,797568.9736446415,50,18,662.2473761849917,27.251190400496284,19.677088727559887,435.28378048618447,216.0207772795217,219.2630032066628,-70.6431949192995,535283.7804861845,25,10,399.9621830265347,32.28599016708564,21.15545826848697,11.813733273577242,42.357063392451934,-30.54333011887469,-51.205639655949774,111813.73327357724,11,5,-13.789086554397644,4.358562623894291,14.445861132594809,1.2805275468344783
65.0,70.0,80.0,15.0,20.0,25.0,612.6659783258035,370.0501494768311,242.61582884897248,-68.8901830876417,712665.9783258035,58,33,578.2208867819827,25.59965318002724,19.677088727559887,374.8565934775142,216.0207772795217,158.8358161979925,-68.8901830876417,474856.59347751416,32,23,340.41150193369333,29.66944298386532,21.15545826848697,12.65984534232607,42.357063392451934,-29.697218050125866,-48.610329269567856,112659.84534232608,10,7,-11.645319292457858,4.659572480588414,14.445861132594809,1.2124055556797837
65.0,80.0,90.0,15.0,25.0,30.0,656.2766649830188,370.0501494768311,286.2265155061877,-61.75267111574756,756276.6649830188,62,47,625.4003294251451,26.46846438150865,19.677088727559887,430.0221498798646,216.0207772795217,214.00137260034293,-61.75267111574756,530022.1498798646,41,33,399.1458143219908,32.06822831649681,21.15545826848697,7.358881966862585,42.357063392451934,-34.99818142558935,-41.02844332821666,107358.88196686258,16,10,-13.155339697245743,2.75003519978172,14.445861132594809,1.2091519838168514
65.0,70.0,90.0,10.0,15.0,30.0,533.1571988093374,370.0501494768311,163.10704933250634,-68.22143772090735,633157.1988093373,55,34,499.0464799488837,23.88700915044237,19.677088727559887,319.7755288894097,216.0207772795217,103.75475160988802,-68.22143772090735,419775.5288894097,30,21,285.664810028956,27.03029508154496,21.15545826848697,14.32840730105056,42.357063392451934,-28.028656091401373,-47.282911641975,114328.40730105057,14,9,-9.313048519936938,5.24910581044602,14.445861132594809,1.2005144023824417
65.0,70.0,90.0,15.0,20.0,30.0,544.6229377069997,370.0501494768311,174.5727882301686,-63.737646465058816,644622.9377069997,57,41,512.7541144744703,24.14532984815432,19.677088727559887,345.51247964089737,216.0207772795217,129.49170236137567,-63.737646465058816,445512.47964089736,32,27,313.643656408368,28.297260498878394,21.15545826848697,12.577076998457182,42.357063392451934,-29.77998639399476,-45.94347747088465,112577.07699845718,14,10,-10.394661736985144,4.630188879950903,14.445861132594809,1.1855548981363386
65.0,75.0,80.0,15.0,20.0,30.0,566.8741032643277,370.0501494768311,196.82395378749663,-67.7049877976518,666874.1032643277,61,41,533.0216093655018,24.635262680593463,19.677088727559887,360.6959117100848,216.0207772795217,144.67513443056308,-67.7049877976518,460695.9117100848,37,27,326.84341781125886,29.016362130166428,21.15545826848697,11.878970791653677,42.357063392451934,-30.47809260079826,-46.121006121556775,111878.97079165369,14,10,-11.181532269124713,4.381821270041275,14.445861132594809,1.1501834128854742
65.0,70.0,75.0,15.0,20.0,25.0,585.9942208240451,370.0501494768311,215.94407134721405,-69.93493378171702,685994.2208240451,59,33,551.0267539331866,25.044844794120145,19.677088727559887,370.6973441961732,216.0207772795217,154.67656691665147,-69.93493378171702,470697.34419617313,31,23,335.72987730531463,29.47932350218614,21.15545826848697,12.373302859601765,42.357063392451934,-29.98376053285017,-48.88537358134525,112373.30285960175,8,7,-12.06938393107086,4.557790059020683,14.445861132594809,1.0807186541471858
65.0,75.0,80.0,10.0,20.0,25.0,643.0484059450031,370.0501494768311,272.99825646817203,-69.72413869516909,743048.405945003,60,31,608.1863365974185,26.20971505633316,19.677088727559887,415.165867730617,216.0207772795217,199.14509045109529,-69.72413869516909,515165.867730617,36,22,380.3037983830324,31.443501404308893,21.15545826848697,10.970606321357357,42.357063392451934,-31.386457071094576,-49.65927604125498,110970.60632135737,12,6,-13.859031699270137,4.057211370635705,14.445861132594809,1.0707878411305278
70.0,75.0,80.0,25.0,30.0,35.0,325.63104089267034,370.0501494768311,-44.41910858416071,-63.10722685092925,425631.0408926703,48,81,294.0774274672057,18.30618199540981,19.677088727559887,253.7038777245444,216.0207772795217,37.68310044502269,-63.10722685092925,353703.8777245444,33,64,222.15026429907977,23.4532706802288,21.15545826848697,13.488683178336114,42.357063392451934,-28.86838021411582,-39.91518047606248,113488.68317833613,13,14,-6.468907059695123,4.953085452547268,14.445861132594809,1.0294694060762748
65.0,70.0,90.0,10.0,20.0,25.0,622.8057900706316,370.0501494768311,252.7556405938005,-65.80046590164608,722805.7900706317,57,31,589.9055571198086,25.80576860001176,19.677088727559887,402.9354997665175,216.0207772795217,186.91472248699583,-65.80046590164608,502935.4997665175,32,22,370.0352668156945,30.917829520367967,21.15545826848697,11.287480762803238,42.357063392451934,-31.069582629648696,-49.8665578159756,111287.48076280324,13,6,-13.64579814518456,4.1706343441488825,14.445861132594809,1.0186502196538458
65.0,70.0,90.0,10.0,25.0,30.0,443.2633855903658,370.0501494768311,73.21323611353478,-64.91544685126767,543263.3855903659,58,45,410.805662164732,21.70472944869317,19.677088727559887,276.7138334549947,216.0207772795217,60.69305617547301,-64.91544685126767,376713.8334549947,33,32,244.25611002936083,24.75779284130677,21.15545826848697,14.635903849154497,42.357063392451934,-27.72115954329744,-45.56374587235461,114635.9038491545,14,9,-8.145969087022808,5.35716863426956,14.445861132594809,0.9881713667821468
65.0,70.0,80.0,15.0,25.0,30.0,449.76862824380817,370.0501494768311,79.71847876697711,-68.36957373122301,549768.6282438082,60,47,415.5838413781967,21.87298395643701,19.677088727559887,265.21877029646924,216.0207772795217,49.19799301694755,-68.36957373122301,365218.7702964692,34,33,231.0339834308577,24.114655652689,21.15545826848697,14.79460191123798,42.357063392451934,-27.56246148121395,-44.8824821224683,114794.60191123796,11,10,-7.646639149996171,5.412869471945814,14.445861132594809,0.963875848536788
65.0,80.0,85.0,15.0,25.0,30.0,614.3059605378602,370.0501494768311,244.2558110610292,-64.76681348668413,714305.9605378602,61,47,581.9225537945181,25.6331646705225,19.677088727559887,400.2428440549047,216.0207772795217,184.222066775383,-64.76681348668413,500242.8440549047,40,33,367.85943731156266,30.800668209692184,21.15545826848697,7.357876180548972,42.357063392451934,-34.999187211902964,-41.02899580029448,107357.87618054896,16,10,-13.156621719598265,2.749667423845037,14.445861132594809,0.9553456608893018
65.0,70.0,85.0,10.0,15.0,30.0,496.46225994739257,370.0501494768311,126.41211047056152,-70.20600578979852,596462.2599473926,54,34,461.3592570524933,23.03152915904254,19.677088727559887,295.02409821254537,216.0207772795217,79.00332093302367,-70.20600578979852,395024.0982125454,29,21,259.9210953176461,25.74924110316008,21.15545826848697,14.3282699007369,42.357063392451934,-28.028793491715035,-47.28297499757179,114328.26990073692,14,9,-9.313217598048997,5.249057484042163,14.445861132594809,0.9442658589832816
65.0,70.0,85.0,15.0,20.0,30.0,508.5800097386771,370.0501494768311,138.52986026184607,-67.10245912589001,608580.0097386772,56,41,475.0287801757321,23.319057875171858,19.677088727559887,320.1834493832142,216.0207772795217,104.16267210369251,-67.10245912589001,420183.44938321423,31,27,286.6322198202692,27.05087464088416,21.15545826848697,12.576744664608963,42.357063392451934,-29.78031872784297,-45.943637048772366,112576.74466460897,14,10,-10.39507385977722,4.630070871164005,14.445861132594809,0.936185063037237
70.0,75.0,80.0,15.0,25.0,35.0,395.80132000854553,370.0501494768311,25.75117053171448,-64.61698954592235,495801.32000854553,47,69,363.4928252355844,20.42022586316388,19.677088727559887,288.5041006831112,216.0207772795217,72.48332340358948,-64.61698954592235,388504.1006831112,32,53,256.19560591015,25.40067777186568,21.15545826848697,12.967276765841572,42.357063392451934,-29.38978662661036,-43.78775969180108,112967.27676584155,12,12,-8.926603080058966,4.768597107933936,14.445861132594809,0.9117754788311256
65.0,70.0,80.0,10.0,15.0,30.0,499.5742182049681,370.0501494768311,129.52406872813702,-72.40399456883254,599574.2182049681,55,34,463.3722209205518,23.1058586867458,19.677088727559887,286.91774806730115,216.0207772795217,70.89697078777945,-72.40399456883254,386917.7480673011,29,21,250.71575078288487,25.31513366078788,21.15545826848697,14.54354249272738,42.357063392451934,-27.813520899724555,-47.40333591162464,114543.54249272736,11,9,-9.158125463084945,5.324729129869277,14.445861132594809,0.8945948488911799
65.0,70.0,90.0,20.0,25.0,30.0,449.65347372259055,370.0501494768311,79.6033242457595,-61.75267111574756,549653.4737225906,60,51,418.7771381647168,21.870020884641782,19.677088727559887,295.86681049245,216.0207772795217,79.84603321292829,-61.75267111574756,395866.81049245,35,37,264.9904749345762,25.79394254813241,21.15545826848697,12.73852246991476,42.357063392451934,-29.61854092253717,-44.37710732022085,112738.52246991477,14,10,-9.450031190195666,4.687491293632595,14.445861132594809,0.878774891946621
65.0,75.0,80.0,10.0,25.0,30.0,456.2784389794427,370.0501494768311,86.22828950261163,-69.30028742666892,556278.4389794427,61,45,421.6282952661082,22.03960405880259,19.677088727559887,285.76935998094456,216.0207772795217,69.74858270142286,-69.30028742666892,385769.3599809445,37,32,251.1192162676101,25.25302426377005,21.15545826848697,13.812315272587592,42.357063392451934,-28.54474811986434,-45.81958015786199,113812.31527258758,14,9,-9.0974748063434,5.067332330591245,14.445861132594809,0.8732406253331602
65.0,70.0,75.0,10.0,15.0,30.0,493.3436010961186,370.0501494768311,123.29345161928757,-72.51240690539443,593343.6010961186,56,34,457.0873976434214,22.956694885675976,19.677088727559887,294.56936705739395,216.0207772795217,78.54858977787225,-72.51240690539443,394569.367057394,28,21,258.31316360469674,25.72508699661502,21.15545826848697,14.293561787471454,42.357063392451934,-28.06350160498048,-47.9365769598899,114293.56178747144,8,9,-9.674726692473495,5.236848805383088,14.445861132594809,0.8661392003140598
65.0,70.0,85.0,10.0,25.0,30.0,427.0129689152192,370.0501494768311,56.96281943838813,-66.57798069080528,527012.9689152192,57,45,393.72397856981655,21.27650868669928,19.677088727559887,265.12607812426523,216.0207772795217,49.10530084474354,-66.57798069080528,365126.0781242652,32,32,231.8370877788626,24.109401471184967,21.15545826848697,14.635489109671765,42.357063392451934,-27.72157428278017,-45.56394281644561,114635.48910967176,14,9,-8.146482298551042,5.357023004007555,14.445861132594809,0.8583787386783818
80.0,85.0,90.0,10.0,15.0,20.0,1201.9927772052738,370.0501494768311,831.9426277284427,-53.643853693380784,1301992.777205274,21,18,1175.1708503585835,34.699108879689874,19.677088727559887,825.27820634752,216.0207772795217,609.2574290679984,-53.643853693380784,925278.20634752,17,10,798.4562795008296,44.929132914853234,21.15545826848697,-11.381176035755258,42.357063392451934,-53.7382394282072,-23.1363336433692,88618.82396424474,4,5,-22.94934285743986,-4.511352579530293,14.445861132594809,0.8506418154200741
70.0,80.0,85.0,15.0,25.0,30.0,678.4138775284333,370.0501494768311,308.36372805160227,-62.0670626884725,778413.8775284333,43,47,647.380346184197,26.892659135941788,19.677088727559887,465.2151960690626,216.0207772795217,249.1944187895409,-62.0670626884725,565215.1960690626,30,33,434.1816647248263,33.491877346063625,21.15545826848697,2.786794556567984,42.357063392451934,-39.57026883588395,-36.46129992062189,102786.79455656798,13,10,-15.443855403742962,1.0556922648881528,14.445861132594809,0.8492732228088729
65.0,80.0,90.0,15.0,20.0,25.0,885.7904571358852,370.0501494768311,515.7403076590541,-63.09677657650133,985790.4571358853,61,33,854.2420688476345,30.41920265613285,19.677088727559887,575.7943807239982,216.0207772795217,359.7736034444765,-63.09677657650133,675794.3807239982,40,23,544.2459924357476,37.52990945596,21.15545826848697,3.355395117987104,42.357063392451934,-39.00166827446483,-46.07952231242663,103355.39511798712,15,7,-19.68436603822621,1.2689095290648655,14.445861132594809,0.833648627322537
65.0,80.0,90.0,15.0,20.0,30.0,740.0252012654133,370.0501494768311,369.9750517885823,-63.02687971558151,840025.2012654133,61,41,708.5117614076225,28.019481040365868,19.677088727559887,487.0808467245385,216.0207772795217,271.0600694450168,-63.02687971558151,587080.8467245385,40,27,455.5674068667478,34.33960578978712,21.15545826848697,4.487586571637836,42.357063392451934,-37.8694768208141,-42.80463877234876,104487.58657163785,15,10,-16.914732814536542,1.6913168609795417,14.445861132594809,0.797641013840289
65.0,70.0,85.0,10.0,20.0,25.0,585.2590967957988,370.0501494768311,215.2089473189677,-67.67427509331027,685259.0967957987,55,31,551.4219592491436,25.0292849509314,19.677088727559887,377.0627371108498,216.0207772795217,161.0419598313281,-67.67427509331027,477062.7371108498,30,22,343.2255995641947,29.769723380721747,21.15545826848697,11.287480762803238,42.357063392451934,-31.069582629648696,-49.8665578159756,111287.48076280324,13,6,-13.64579814518456,4.1706343441488825,14.445861132594809,0.7890289917246027
70.0,80.0,90.0,15.0,25.0,30.0,653.0796532606103,370.0501494768311,283.0295037837792,-59.74388964529096,753079.6532606103,45,47,623.2077084379648,26.406298504823567,19.677088727559887,454.88883924123087,216.0207772795217,238.8680619617092,-59.74388964529096,554888.8392412309,32,33,425.01689441858537,33.081990094703784,21.15545826848697,2.787800342881619,42.357063392451934,-39.56926304957032,-36.46067818360594,102787.80034288162,13,10,-15.442538748921352,1.0560700633624798,14.445861132594809,0.7676035152468121
65.0,75.0,80.0,20.0,25.0,30.0,490.4177174695737,370.0501494768311,120.36756799274264,-64.90188995538284,590417.7174695737,65,51,457.96677249188224,22.88616959809197,19.677088727559887,326.07217235272145,216.0207772795217,110.05139507319976,-64.90188995538284,426072.1723527215,41,37,293.62122737503,27.34612093808701,21.15545826848697,11.076743089042074,42.357063392451934,-31.28032030340986,-44.81356770675139,111076.74308904208,13,10,-11.330040764333624,4.0952245436427726,14.445861132594809,0.7605911437911053
65.0,70.0,85.0,20.0,25.0,30.0,431.0458072594295,370.0501494768311,60.995657782598414,-65.03841786006608,531045.8072594295,61,51,398.5265983293965,21.383857049235043,19.677088727559887,282.1047318639138,216.0207772795217,66.0839545843921,-65.03841786006608,382104.7318639138,36,37,249.58552293388075,25.05379098391083,21.15545826848697,12.737953610874351,42.357063392451934,-29.61910978157758,-44.37738798369472,112737.95361087436,14,10,-9.45074038097301,4.687289475525902,14.445861132594809,0.7305853309855685
65.0,70.0,75.0,10.0,20.0,25.0,541.2770858444671,370.0501494768311,171.22693636763609,-71.46922948889724,641277.0858444672,59,31,505.5424711000185,24.070370948607376,19.677088727559887,354.71922070739265,216.0207772795217,138.69844342787096,-71.46922948889724,454719.2207073927,31,22,318.98460596294404,28.73569150678852,21.15545826848697,11.881795650254068,42.357063392451934,-30.475267742197865,-49.9601268515545,111881.79565025408,8,6,-13.098267775523182,4.382828206500067,14.445861132594809,0.710791723908335
65.0,80.0,90.0,20.0,25.0,30.0,627.0090173186231,370.0501494768311,256.9588678417921,-61.75267111574756,727009.0173186231,63,51,596.1326817607494,25.89046047169439,19.677088727559887,439.1252012852181,216.0207772795217,223.1044240056964,-61.75267111574756,539125.2012852181,42,37,408.2488657273443,32.44385051673462,21.15545826848697,5.07718414958187,42.357063392451934,-37.27987924287007,-41.454984079107895,105077.18414958188,16,10,-15.650307889972076,1.910169440195464,14.445861132594809,0.695709605044224
70.0,75.0,80.0,15.0,30.0,35.0,321.6410648563972,370.0501494768311,-48.40908462043387,-64.53953921716588,421641.0648563972,47,70,289.37129524781426,18.17692794670527,19.677088727559887,240.0071779526724,216.0207772795217,23.986400673150683,-64.53953921716588,340007.17795267235,32,53,207.73740834408943,22.642789445455925,21.15545826848697,13.38818704123761,42.357063392451934,-28.968876351214327,-41.42549182860199,113388.1870412376,13,14,-7.324558873063387,4.91756788482649,14.445861132594809,0.6932556048492428
65.0,80.0,85.0,20.0,25.0,30.0,632.3887826470033,370.0501494768311,262.3386331701722,-64.76681348668413,732388.7826470033,62,51,600.0053759036612,25.998229442268904,19.677088727559887,437.2562521510619,216.0207772795217,221.23547487154025,-64.76681348668413,537256.2521510619,41,37,404.8728454077199,32.367164910309555,21.15545826848697,5.076178363268258,42.357063392451934,-37.28088502918368,-41.45554446503963,105076.17836326823,16,10,-15.651593869251556,1.909796749598213,14.445861132594809,0.6800741962778254
65.0,70.0,80.0,10.0,20.0,25.0,560.8756916641264,370.0501494768311,190.82554218729533,-70.90697395338881,660875.6916641264,56,31,525.422204687432,24.50462763974517,19.677088727559887,352.16574772848634,216.0207772795217,136.14497044896464,-70.90697395338881,452165.7477284863,30,22,316.7122607517919,28.61484019793044,21.15545826848697,11.7669404191175,42.357063392451934,-30.590122973334434,-49.859944262512926,111766.9404191175,10,6,-13.163031712138965,4.341874751301322,14.445861132594809,0.6700199751616913
65.0,80.0,85.0,15.0,20.0,25.0,859.0887332272922,370.0501494768311,489.0385837504612,-66.28649113784049,959088.7332272924,59,33,825.9454876583719,30.00420361817122,19.677088727559887,551.6612773112852,216.0207772795217,335.6405000317635,-66.28649113784049,651661.2773112851,38,23,518.5180317423649,36.69834105932011,21.15545826848697,3.3549973292672064,42.357063392451934,-39.00206606318473,-46.07972983867885,103354.9973292672,15,7,-19.68486759007222,1.2687606175456612,14.445861132594809,0.6672174028818538
70.0,75.0,80.0,15.0,20.0,35.0,437.849408341656,370.0501494768311,67.79925886482499,-65.9526481002974,537849.4083416561,46,60,404.8730842915073,21.563336554158496,19.677088727559887,322.1197508964308,216.0207772795217,106.09897361690903,-65.9526481002974,422119.7508964307,31,45,289.143426846282,27.14833445586433,21.15545826848697,10.862507968644165,42.357063392451934,-31.49455542380777,-45.032014486924,110862.50796864416,12,11,-11.653499274817836,4.01847255025225,14.445861132594809,0.6493003736254659
70.0,75.0,80.0,10.0,15.0,35.0,407.57287787813146,370.0501494768311,37.52272840130041,-65.9526481002974,507572.87787813146,45,53,374.5965538279828,20.748627544208187,19.677088727559887,286.80826557678193,216.0207772795217,70.78748829726024,-65.9526481002974,386808.26557678194,30,39,253.83194152663324,25.30921904074728,21.15545826848697,12.922171445833497,42.357063392451934,-29.43489194661844,-46.22198996606135,112922.1714458335,12,10,-10.188823537197178,4.752612861944661,14.445861132594809,0.6396709452883889
65.0,70.0,80.0,15.0,20.0,30.0,489.5581128624871,370.0501494768311,119.507963385656,-69.55656479204599,589558.1128624871,57,41,454.7798304664641,22.86539103722829,19.677088727559887,296.6713251840282,216.0207772795217,80.65054790450651,-69.55656479204599,396671.32518402825,31,27,261.89304278800523,25.836543894268328,21.15545826848697,12.377415534807534,42.357063392451934,-29.9796478576444,-46.26364596932477,112377.41553480754,11,10,-10.75440744985485,4.55925205131642,14.445861132594809,0.6152857887579011
80.0,85.0,90.0,15.0,20.0,25.0,992.316722560781,370.0501494768311,622.26657308395,-46.04240787806263,1092316.722560781,21,33,969.2955186217496,31.981714399343875,19.677088727559887,732.5327006466017,216.0207772795217,516.51192336708,-46.04240787806263,832532.7006466017,17,23,709.5114967075704,42.3984576772876,21.15545826848697,-10.908939346537228,42.357063392451934,-53.26600273898916,-22.08643300946801,89091.06065346277,4,7,-21.952155851271232,-4.3172620999246565,14.445861132594809,0.5756556430407298
65.0,75.0,80.0,10.0,20.0,30.0,515.8501457015236,370.0501494768311,145.79999622469256,-70.31722585457602,615850.1457015236,59,39,480.6915327742356,23.4891431120017,19.677088727559887,331.0920080339096,216.0207772795217,115.07123075438788,-70.31722585457602,431092.0080339096,35,26,295.9333951066216,27.595130794281687,21.15545826848697,11.148670493510672,42.357063392451934,-31.208392898941263,-47.33020844463694,111148.67049351068,14,9,-12.516433728807796,4.120972782049637,14.445861132594809,0.5754653962059457
65.0,70.0,80.0,10.0,25.0,30.0,419.9875081366868,370.0501494768311,49.9373586598557,-70.29248982103931,519987.5081366868,58,45,384.8412632261671,21.087754571286112,19.677088727559887,249.24170836366443,216.0207772795217,33.220931084142734,-70.29248982103931,349241.70836366445,32,32,214.0954634531448,23.192145248722102,21.15545826848697,14.272674153811217,42.357063392451934,-28.08438923864072,-45.96179369615546,114272.67415381124,11,9,-8.708222694266514,5.229500415902577,14.445861132594809,0.5522527239465886
65.0,70.0,75.0,15.0,25.0,30.0,433.6283525024133,370.0501494768311,63.57820302558218,-69.36330849289132,533628.3525024132,60,47,398.9466982559676,21.45222282722188,19.677088727559887,262.5506937772202,216.0207772795217,46.52991649769851,-69.36330849289132,362550.6937772202,32,33,227.86903953077456,23.962971555130963,21.15545826848697,13.468228695580551,42.357063392451934,-28.88883469687138,-45.8587061877295,113468.22869558056,10,10,-9.461124398284198,4.945857959643107,14.445861132594809,0.532359139502301
65.0,70.0,90.0,10.0,20.0,30.0,502.8648299645793,370.0501494768311,132.81468048774826,-66.17274732960237,602864.8299645793,56,39,469.7784562997781,23.184085349941984,19.677088727559887,322.7082032490705,216.0207772795217,106.68742596954884,-66.17274732960237,422708.20324907056,31,26,289.62182958426934,27.17787920669126,21.15545826848697,11.28050704581922,42.357063392451934,-31.07655634663272,-47.39444052700526,111280.50704581922,14,9,-12.416713217683409,4.168140300460221,14.445861132594809,0.5162507574179072
65.0,80.0,90.0,10.0,25.0,30.0,611.0008697333639,370.0501494768311,240.9507202565328,-61.75267111574756,711000.8697333639,62,45,580.1245341754901,25.56555844238524,19.677088727559887,401.9427596805477,216.0207772795217,185.92198240102604,-61.75267111574756,501942.75968054775,41,32,371.06642412267394,30.874694938107105,21.15545826848697,6.050854633814184,42.357063392451934,-36.30620875863775,-42.478871054672254,106050.85463381418,15,9,-15.188580893521944,2.269930758515115,14.445861132594809,0.513334648670059
70.0,75.0,80.0,20.0,25.0,35.0,403.3635342363944,370.0501494768311,33.31338475956329,-64.61698954592235,503363.53423639433,47,73,371.0550394634332,20.63197643571253,19.677088727559887,308.6141808268846,216.0207772795217,92.5934035473629,-64.61698954592235,408614.1808268846,32,57,276.3056860539234,26.460634667271755,21.15545826848697,10.28769831682348,42.357063392451934,-32.069365075628454,-43.8269645775342,110287.69831682347,12,12,-11.62578397194362,3.812087004772624,14.445861132594809,0.4981148022841752
80.0,85.0,90.0,10.0,15.0,25.0,1045.767990848649,370.0501494768311,675.717841371818,-51.92643267638619,1145767.990848649,21,27,1019.804774510456,32.71556208101005,19.677088727559887,716.7485246153124,216.0207772795217,500.7277473357907,-51.92643267638619,816748.5246153125,17,18,690.7853082771193,41.9445904589639,21.15545826848697,-10.807946804972657,42.357063392451934,-53.16501019742459,-22.51876114693405,89192.05319502734,4,6,-22.06732737843969,-4.275836476232664,14.445861132594809,0.4685760410291819
70.0,75.0,80.0,10.0,25.0,35.0,368.7739936740133,370.0501494768311,-1.2761558028178115,-64.61698954592235,468773.9936740132,47,67,336.46549890105206,19.63933275204266,19.677088727559887,270.7116521810715,216.0207772795217,54.69087490154979,-64.61698954592235,370711.65218107146,32,52,238.4031574081103,24.424049366351607,21.15545826848697,12.374691285777285,42.357063392451934,-29.98237210667465,-44.90125438692224,112374.69128577728,12,11,-10.075935907683837,4.558283626704562,14.445861132594809,0.4683965654171009
70.0,80.0,85.0,20.0,25.0,30.0,648.1992883945865,370.0501494768311,278.1491389177554,-62.0670626884725,748199.2883945865,44,51,617.1657570503502,26.31094848845281,19.677088727559887,472.171273495024,216.0207772795217,256.15049621550224,-62.0670626884725,572171.273495024,31,37,441.1377421507877,33.76448357454438,21.15545826848697,1.0805379350592892,42.357063392451934,-41.27652545739264,-36.78558600912003,101080.53793505928,13,10,-17.312255069500726,0.4114607715455687,14.445861132594809,0.4526153889825297
65.0,80.0,85.0,15.0,20.0,30.0,672.5482385494524,370.0501494768311,302.4980890726214,-66.26295656332182,772548.2385494525,59,41,639.4167602677916,26.781310328865704,19.677088727559887,439.66105190598455,216.0207772795217,223.64027462646283,-66.26295656332182,539661.0519059845,38,27,406.5295736243236,32.46579635896536,21.15545826848697,4.486717776353899,42.357063392451934,-37.87034561609804,-42.805114341377845,104486.71777635392,15,10,-16.915839394335023,1.6909938107335432,14.445861132594809,0.4226215881131285
80.0,85.0,90.0,10.0,20.0,25.0,984.742213938688,370.0501494768311,614.6920644618568,-48.90908170518756,1084742.213938688,21,31,960.287673086094,31.87516575913216,19.677088727559887,725.0550505921748,216.0207772795217,509.0342733126531,-48.90908170518756,825055.0505921748,17,22,700.600509739581,42.1843431023248,21.15545826848697,-11.23541047715242,42.357063392451934,-53.59247386960436,-22.606817464534867,88764.58952284759,4,6,-22.53881920941985,-4.451374516132811,14.445861132594809,0.3936212120061824
65.0,70.0,80.0,20.0,25.0,30.0,430.3890273688631,370.0501494768311,60.33887789203203,-66.58510811295105,530389.0273688631,63,51,397.0964733123876,21.3664237418431,19.677088727559887,270.8632834447595,216.0207772795217,54.84250616523778,-66.58510811295105,370863.2834447595,37,37,237.57072938828395,24.432535873176555,21.15545826848697,12.045175220840964,42.357063392451934,-30.31188817161097,-44.94889814615769,112045.17522084096,11,10,-10.42927385223788,4.441039047983431,14.445861132594809,0.3891205146898094
70.0,80.0,90.0,15.0,20.0,30.0,743.7423032616529,370.0501494768311,373.6921537848218,-60.72217968829969,843742.3032616528,43,41,713.381213417503,28.08510068593097,19.677088727559887,519.6571797089027,216.0207772795217,303.63640242938106,-60.72217968829969,619657.1797089027,30,27,489.2960898647529,35.555042009325774,21.15545826848697,-0.0170890271776746,42.357063392451934,-42.37415241962961,-38.370214035916014,99982.91097282233,12,10,-19.202196045135683,-0.0065293899286333,14.445861132594809,0.3805706683009791
70.0,80.0,90.0,20.0,25.0,30.0,625.6590734100765,370.0501494768311,255.60892393324548,-59.74388964529096,725659.0734100766,46,51,595.7871285874311,25.863307403473645,19.677088727559887,462.335581315211,216.0207772795217,246.3148040356893,-59.74388964529096,562335.581315211,33,37,432.4636364925655,33.37820751809202,21.15545826848697,1.081543721372924,42.357063392451934,-41.27551967107901,-36.784957003836574,101081.54372137292,13,10,-17.310934780545363,0.4118424981766067,14.445861132594809,0.3756712005305791
65.0,70.0,75.0,15.0,20.0,30.0,474.574317260517,370.0501494768311,104.52416778368598,-70.23799276837008,574574.317260517,59,41,439.455320876332,22.498828711413864,19.677088727559887,297.0276533023552,216.0207772795217,81.0068760228335,-70.23799276837008,397027.6533023552,31,27,261.9086569181701,25.8553894829477,21.15545826848697,11.494974577340344,42.357063392451934,-30.86208881511159,-47.01945056197098,111494.97457734034,9,10,-12.014750703645143,4.244797205978679,14.445861132594809,0.3390787977596219
70.0,80.0,85.0,10.0,25.0,30.0,672.8769297372713,370.0501494768311,302.8267802604403,-62.0670626884725,772876.9297372714,43,45,641.843398393035,26.787569682962765,19.677088727559887,458.76942826748495,216.0207772795217,242.7486509879633,-62.0670626884725,558769.428267485,30,32,427.7358969232487,33.2367631205841,21.15545826848697,1.3921478521753627,42.357063392451934,-40.96491554027657,-37.96996115739532,101392.14785217536,13,9,-17.592832726522296,0.5296141579181235,14.445861132594809,0.3054334845051065
65.0,70.0,75.0,10.0,25.0,30.0,413.3324657573831,370.0501494768311,43.28231628055204,-70.56007719422865,513332.4657573831,59,45,378.05242716026873,20.90686184206998,19.677088727559887,254.5672601797136,216.0207772795217,38.54648290019185,-70.56007719422865,354567.26017971354,31,32,219.2872215825992,23.50347844566343,21.15545826848697,13.276175871763396,42.357063392451934,-29.08088752068853,-46.77637818513736,113276.1758717634,9,9,-10.112013220805284,4.877957717981873,14.445861132594809,0.3045581607882057
70.0,80.0,85.0,15.0,20.0,30.0,746.8133476569658,370.0501494768311,376.76319818013474,-65.06275675459223,846813.3476569658,41,41,714.2819692796696,28.139122698718253,19.677088727559887,508.2710715695424,216.0207772795217,292.25029429002075,-65.06275675459223,608271.0715695424,28,27,475.7396931922463,35.13640746551951,21.15545826848697,-0.0180948134913094,42.357063392451934,-42.37515820594325,-38.37083400581519,99981.9051865087,12,10,-19.203511816398905,-0.006913703100031,14.445861132594809,0.2965319589884019
65.0,80.0,90.0,10.0,15.0,25.0,808.0009404039414,370.0501494768311,437.9507909271104,-65.30328475011518,908000.9404039412,59,27,775.3492980288838,29.180895432692687,19.677088727559887,492.263736592326,216.0207772795217,276.24295931280426,-65.30328475011518,592263.736592326,38,18,459.6120942172684,34.53668127026912,21.15545826848697,4.089623852421442,42.357063392451934,-38.267439540030495,-47.3258721627983,104089.62385242144,15,6,-19.573312228977706,1.5431654769753944,14.445861132594809,0.2886343712890382
65.0,70.0,85.0,10.0,20.0,30.0,470.5821582717026,370.0501494768311,100.53200879487156,-68.116337305158,570582.1582717026,54,39,436.5239896191236,22.39973993633089,19.677088727559887,299.8589103235517,216.0207772795217,83.83813304403006,-68.116337305158,399858.9103235517,29,26,265.80074167097274,26.004631088638995,21.15545826848697,11.280416282498496,42.357063392451934,-31.07664710995344,-47.394483433488986,111280.4162824985,14,9,-12.416825434245997,4.168107839703961,14.445861132594809,0.2815757436675121
70.0,75.0,80.0,20.0,30.0,35.0,333.10830233670583,370.0501494768311,-36.94184714012522,-64.53953921716588,433108.30233670585,47,75,300.8385327281229,18.545547782451656,19.677088727559887,260.0401396967903,216.0207772795217,44.01936241726858,-64.53953921716588,360040.13969679025,32,58,227.77037008820733,23.81939109807942,21.15545826848697,10.556980055296084,42.357063392451934,-31.80008333715585,-41.655130688628496,110556.98005529608,13,14,-10.270585289018165,3.908855227294117,14.445861132594809,0.2499488219752487
70.0,80.0,90.0,10.0,25.0,30.0,647.8041316138888,370.0501494768311,277.75398213705773,-59.74388964529096,747804.1316138888,45,45,617.9321867912433,26.30320408407256,19.677088727559887,448.5134832247121,216.0207772795217,232.49270594519035,-59.74388964529096,548513.4832247121,32,32,418.64153840206654,32.8257469057843,21.15545826848697,1.3931536384889975,42.357063392451934,-40.96390975396294,-37.969345833966194,101393.153638489,13,9,-17.5915192784941,0.5299951591812402,14.445861132594809,0.223539424709084
80.0,85.0,90.0,15.0,20.0,30.0,839.1895489692095,370.0501494768311,469.1393994923784,-45.51172739189913,939189.5489692094,21,41,816.4336852732599,29.688235055126988,19.677088727559887,637.0784184969784,216.0207772795217,421.0576412174568,-45.51172739189913,737078.4184969785,17,27,614.3225548010289,39.5354788586173,21.15545826848697,-10.563313593262402,42.357063392451934,-52.920376985714334,-20.91125640321829,89436.6864067376,4,10,-21.018941794871548,-4.175611601864615,14.445861132594809,0.2126503636706691
65.0,70.0,90.0,15.0,25.0,35.0,288.4457389022882,370.0501494768311,-81.60441057454284,-61.75267111574756,388445.7389022882,60,69,257.5694033444144,17.057542118165635,19.677088727559887,198.8529614118132,216.0207772795217,-17.167815867708526,-61.75267111574756,298852.9614118132,35,53,167.9766258539394,20.03204444115301,21.15545826848697,14.853450348775745,42.357063392451934,-27.50361304367619,-44.415694334404336,114853.45034877576,14,12,-7.354396818426425,5.433512369796456,14.445861132594809,0.2074502686389028
65.0,80.0,85.0,10.0,25.0,30.0,562.7649105819208,370.0501494768311,192.7147611050898,-64.76681348668413,662764.9105819209,61,45,530.3815038385787,24.54588423804376,19.677088727559887,367.5455226478877,216.0207772795217,151.524745368366,-64.76681348668413,467545.5226478877,40,32,335.16211590454566,29.33431909164805,21.15545826848697,6.0499198484128325,42.357063392451934,-36.3071435440391,-42.47937807474099,106049.91984841284,15,9,-15.189769188957664,2.269586345761021,14.445861132594809,0.2049849090812139
65.0,80.0,90.0,10.0,15.0,30.0,636.7710580831483,370.0501494768311,266.72090860631727,-65.84953968603674,736771.0580831483,58,34,603.84628824013,26.085500490141623,19.677088727559887,393.1923821252248,216.0207772795217,177.17160484570306,-65.84953968603674,493192.3821252248,37,21,360.2676122822064,30.491384236949195,21.15545826848697,5.58315199080337,42.357063392451934,-36.77391140164856,-43.81843723119939,105583.15199080337,15,9,-16.326066624796326,2.097375290325143,14.445861132594809,0.1905548364622806
70.0,80.0,90.0,10.0,15.0,30.0,769.8922119277497,370.0501494768311,399.84206245091866,-60.72217968829969,869892.2119277497,42,34,739.5311220835998,28.53964606889709,19.677088727559887,494.4416932237191,216.0207772795217,278.4209159441974,-60.72217968829969,594441.6932237191,29,21,464.08060337956925,34.619067863109066,21.15545826848697,0.3731614092277402,42.357063392451934,-41.98390198322419,-39.5517445561013,100373.16140922776,12,9,-19.402710868822908,0.142406250612348,14.445861132594809,0.1720309533907471
65.0,70.0,80.0,10.0,20.0,30.0,460.6812939282372,370.0501494768311,90.6311444514061,-71.10640094730832,560681.2939282372,56,39,425.128093454583,22.151321783842405,19.677088727559887,283.2313180633237,216.0207772795217,67.21054078380203,-71.10640094730832,383231.3180633237,30,26,247.6781175896696,25.115208487892925,21.15545826848697,11.580190997904417,42.357063392451934,-30.77687239454752,-47.47203252858561,111580.1909979044,11,9,-12.155825266388389,4.27523072614,14.445861132594809,0.1655661901920633
70.0,80.0,90.0,15.0,20.0,25.0,884.7575968673432,370.0501494768311,514.7074473905121,-60.7241784555,984757.5968673432,43,33,854.3955076395932,30.403335716127188,19.677088727559887,606.3003564728068,216.0207772795217,390.27957919328514,-60.7241784555,706300.3564728068,30,23,575.9382672450569,38.54637085800678,21.15545826848697,-1.8996242079510888,42.357063392451934,-44.25668760040303,-41.8750156763803,98100.37579204892,11,7,-22.83713204614124,-0.7300756321450108,14.445861132594809,0.1580512165501066
70.0,75.0,80.0,10.0,30.0,35.0,300.19848325136167,370.0501494768311,-69.85166622546939,-64.53953921716588,400198.4832513616,47,68,267.92871364277875,17.463204403417375,19.677088727559887,224.2399987624415,216.0207772795217,8.219221482919806,-64.53953921716588,324239.9987624415,32,52,191.97022915385853,21.67539074985254,21.15545826848697,12.4245717556986,42.357063392451934,-29.932491636753333,-42.71479696260301,112424.5717556986,12,13,-8.932826725602906,4.5760129945838335,14.445861132594809,0.1488346736707372
65.0,80.0,90.0,10.0,20.0,25.0,848.3022509030434,370.0501494768311,478.25210142621233,-63.09677657650133,948302.2509030434,61,31,816.7538626147928,29.833657989183937,19.677088727559887,556.6706819745375,216.0207772795217,340.64990469501583,-63.09677657650133,656670.6819745376,40,22,525.1222936862869,36.87303868368837,21.15545826848697,1.729418611203326,42.357063392451934,-40.627644781248605,-47.67985597315496,101729.41861120332,15,6,-22.11050937537416,0.6572447947722493,14.445861132594809,0.1446590295051772
65.0,80.0,90.0,10.0,20.0,30.0,680.9713617149379,370.0501494768311,310.9212122381068,-63.02687971558151,780971.3617149378,61,39,649.4579218571471,26.94097642663045,19.677088727559887,451.36630144768,216.0207772795217,235.34552416815828,-63.02687971558151,551366.30144768,40,26,419.8528615898893,32.94071467665924,21.15545826848697,3.4590162933300084,42.357063392451934,-38.898047099121925,-44.09899178072985,103459.01629333,15,9,-18.59047959703492,1.307687881311681,14.445861132594809,0.1390686535924934
70.0,75.0,80.0,10.0,20.0,35.0,404.15837340132106,370.0501494768311,34.108223924490005,-65.9526481002974,504158.373401321,46,58,371.18204935117234,20.65406922430256,19.677088727559887,300.3511160236845,216.0207772795217,84.33033874416279,-65.9526481002974,400351.1160236845,31,44,267.37479197353576,26.0304864058867,21.15545826848697,10.030145775325462,42.357063392451934,-32.32691761712647,-46.262545692746194,110030.14577532544,12,10,-13.101127071047635,3.719397052263607,14.445861132594809,0.1082785693551029
80.0,85.0,90.0,10.0,15.0,30.0,873.661755274295,370.0501494768311,503.611605797464,-51.31481507111513,973661.7552742952,21,34,848.0043477387375,30.23194557890636,19.677088727559887,616.4768120560603,216.0207772795217,400.4560347765387,-51.31481507111513,716476.8120560603,17,21,590.8194045205028,38.87731637579428,21.15545826848697,-10.38957824827128,42.357063392451934,-52.74664164072321,-21.217825712856687,89610.42175172872,4,9,-20.998491104699625,-4.104536023127448,14.445861132594809,0.0965600623213838
70.0,80.0,85.0,15.0,20.0,25.0,892.3597512020848,370.0501494768311,522.3096017252537,-65.08321598096153,992359.7512020848,41,33,859.818143211604,30.519778446893085,19.677088727559887,596.621079803758,216.0207772795217,380.6003025242363,-65.08321598096153,696621.079803758,28,23,564.0794718132772,38.22788653763713,21.15545826848697,-1.900508018251868,42.357063392451934,-44.25757141070381,-41.87553933859324,98099.49198174811,11,7,-22.838277687548484,-0.7304173279288784,14.445861132594809,0.0940798839953713
65.0,70.0,85.0,15.0,25.0,35.0,277.36145598072807,370.0501494768311,-92.688693496103,-64.45919447936996,377361.4559807281,61,69,245.1318587410431,16.664886375130482,19.677088727559887,189.99050489386428,216.0207772795217,-26.03027238565741,-64.45919447936996,289990.5048938643,36,53,157.7609076541793,19.43091141482931,21.15545826848697,14.852872139966223,42.357063392451934,-27.50419125248571,-44.41597416348312,114852.87213996622,14,12,-7.355114941775337,5.43330957708581,14.445861132594809,0.0870638652043651
65.0,70.0,75.0,10.0,20.0,30.0,446.6778822374129,370.0501494768311,76.62773276058186,-71.58882932536275,546677.882237413,58,39,410.8834675747315,21.79326421895478,19.677088727559887,285.7578354447051,216.0207772795217,69.73705816518341,-71.58882932536275,385757.8354447051,30,26,249.9634207820237,25.25240019067003,21.15545826848697,11.2520198339215,42.357063392451934,-31.10504355853044,-47.96391255187905,111252.0198339215,8,9,-12.729936442018024,4.157951279701244,14.445861132594809,0.0675848882329472
80.0,85.0,90.0,10.0,20.0,30.0,834.6540327779492,370.0501494768311,464.6038833011181,-48.33174833305205,934654.0327779492,21,39,810.4881586114232,29.61539063444203,19.677088727559887,628.2534836886375,216.0207772795217,412.2327064091159,-48.33174833305205,728253.4836886375,17,26,604.0876095221115,39.2554483484006,21.15545826848697,-10.77429555323307,42.357063392451934,-53.13135894568501,-21.29325647350145,89225.70444676693,4,9,-21.4209237899838,-4.262039676653407,14.445861132594809,0.0622660059862965
70.0,80.0,90.0,10.0,15.0,25.0,925.9800982843794,370.0501494768311,555.9299488075484,-60.7241784555,1025980.0982843792,42,27,895.6180090566295,31.02547250371348,19.677088727559887,584.6679761079523,216.0207772795217,368.64719882843065,-60.7241784555,684667.9761079523,29,18,554.3058868802024,37.82945650298151,21.15545826848697,-1.3674279680576995,42.357063392451934,-43.72449136050963,-43.01595923543948,98632.5720319423,11,6,-22.87540758577744,-0.5246641483913739,14.445861132594809,0.034091454078998
65.0,70.0,90.0,10.0,15.0,35.0,329.0448025145466,370.0501494768311,-41.00534696228448,-63.1327903699754,429044.80251454655,56,53,297.4784073295589,18.41592234400697,19.677088727559887,224.1178913551178,216.0207772795217,8.097114075596096,-63.1327903699754,324117.8913551178,31,39,192.5514961701301,21.66774724705869,21.15545826848697,13.831681951981768,42.357063392451934,-28.525381440470166,-47.26634970479586,113831.68195198177,14,10,-9.801492900416164,5.074162682994499,14.445861132594809,0.0159479963596133
65.0,80.0,90.0,15.0,30.0,35.0,362.1981468140973,370.0501494768311,-7.852002662733753,-61.75267111574756,462198.1468140973,64,70,331.3218112562235,19.44332931103656,19.677088727559887,277.87718321400274,216.0207772795217,61.856405934481046,-61.75267111574756,377877.1832140028,43,53,247.00084765612897,24.82196615698995,21.15545826848697,7.033257486230493,42.357063392451934,-35.32380590622144,-37.91639554129414,107033.25748623048,17,14,-11.92494028441658,2.6308558968055618,14.445861132594809,-0.0063622163267709
70.0,80.0,85.0,25.0,30.0,35.0,364.35417972275343,370.0501494768311,-5.695969754077623,-60.038333368000416,464354.1797227535,47,81,334.33501303875323,19.507863356703048,19.677088727559887,303.1821962194984,216.0207772795217,87.1614189399767,-60.038333368000416,403182.1962194984,34,64,273.1630295354982,26.17868941629325,21.15545826848697,3.353158320908678,42.357063392451934,-39.00390507154326,-32.0405001093241,103353.15832090868,13,14,-12.667091733753372,1.268072183344393,14.445861132594809,-0.0332374350188668
70.0,80.0,90.0,10.0,15.0,20.0,1082.5505314118088,370.0501494768311,712.5003819349778,-61.75267111574756,1182550.531411809,39,18,1051.674195853935,33.203177467772306,19.677088727559887,698.715224836631,216.0207772795217,482.69444755710936,-61.75267111574756,798715.224836631,26,10,667.8388892787573,41.4170173613893,21.15545826848697,-3.8834144016108185,42.357063392451934,-46.24047779406276,-44.66569769550382,96116.58559838918,11,5,-26.21626324936273,-1.5018847845719496,14.445861132594809,-0.0485636337632509
65.0,80.0,90.0,10.0,15.0,20.0,923.8543551105078,370.0501494768311,553.8042056336767,-66.18493143819595,1023854.3551105078,55,18,890.7618893914098,30.99393559643464,19.677088727559887,579.6025262474421,216.0207772795217,363.5817489679205,-66.18493143819595,679602.5262474421,34,10,546.5100605283442,37.658860532929154,21.15545826848697,0.8589117758270204,42.357063392451934,-41.49815161662492,-49.17755908464125,100858.911775827,14,5,-23.729867766493605,0.3272895656541319,14.445861132594809,-0.0624178107220714
65.0,75.0,90.0,15.0,20.0,25.0,821.8843257412045,370.0501494768311,451.8341762643735,-63.55498846899905,921884.3257412044,64,33,790.106831506705,29.408606484779543,19.677088727559887,533.3759648920085,216.0207772795217,317.3551876124868,-63.55498846899905,633375.9648920085,40,23,501.598470657509,36.051012141686826,21.15545826848697,1.9139420503063496,42.357063392451934,-40.44312134214559,-48.564762872065806,101913.94205030634,15,7,-22.36843938572656,0.726961864840936,14.445861132594809,-0.0629208732415695
70.0,80.0,85.0,15.0,30.0,35.0,403.06885818666507,370.0501494768311,33.018708709834016,-61.243976146914406,503068.85818666505,45,70,372.4468701132079,20.623777992215462,19.677088727559887,322.9998581546688,216.0207772795217,106.9790808751471,-61.243976146914406,422999.8581546688,32,53,292.3778700812116,27.192509785096707,21.15545826848697,2.8979580020528584,42.357063392451934,-39.459105390399074,-33.33448482704172,102897.95800205284,13,14,-13.769284411468002,1.0974342146946148,14.445861132594809,-0.0707865126522926
70.0,80.0,85.0,10.0,15.0,25.0,921.5009256237244,370.0501494768311,551.4507761468933,-65.08321598096153,1021500.9256237242,40,27,888.9593176332436,30.958953220937268,19.677088727559887,568.6303727696975,216.0207772795217,352.6095954901758,-65.08321598096153,668630.3727696975,27,18,536.0887647792167,37.285672702118,21.15545826848697,-1.3681835646554674,42.357063392451934,-43.7252469571074,-43.01639577426677,98631.81643534452,11,6,-22.87638145178885,-0.5249552994743056,14.445861132594809,-0.0748982081803384
65.0,80.0,85.0,10.0,15.0,25.0,736.2843808334108,370.0501494768311,366.2342313565797,-67.81751558594149,836284.3808334108,55,27,702.37562304044,27.95318304218404,19.677088727559887,445.5237387915122,216.0207772795217,229.5029615119905,-67.81751558594149,545523.7387915122,34,18,411.6149809985415,32.7047251369662,21.15545826848697,4.089402096736161,42.357063392451934,-38.267661295715776,-47.3259843813546,104089.40209673616,15,6,-19.57359009394114,1.543082825494424,14.445861132594809,-0.0778218006898057
65.0,75.0,80.0,10.0,15.0,35.0,327.41038098818416,370.0501494768311,-42.639768488646894,-68.54785167558694,427410.3809881842,58,53,293.1364551503907,18.3634781579036,19.677088727559887,221.61332006769308,216.0207772795217,5.592542788171386,-68.54785167558694,321613.3200676931,34,39,187.3393942298996,21.51043792514877,21.15545826848697,13.481511335078244,42.357063392451934,-28.87555205737369,-47.233608850801154,113481.51133507823,15,10,-10.135293090322332,4.95055140794114,14.445861132594809,-0.0925871114075816
65.0,80.0,85.0,25.0,30.0,35.0,322.7151054044376,370.0501494768311,-47.33504407239343,-61.75267111574756,422715.1054044376,65,81,291.8387698465638,18.211827150781424,19.677088727559887,256.42595453500223,216.0207772795217,40.40517725548054,-61.75267111574756,356425.95453500224,44,64,225.5496189771285,23.611221225334923,21.15545826848697,7.215412594851367,42.357063392451934,-35.14165079760057,-36.80964346594424,107215.41259485135,17,14,-11.18940913812075,2.6975526485821355,14.445861132594809,-0.0944831064680131
65.0,75.0,80.0,15.0,25.0,35.0,305.8186247100428,370.0501494768311,-64.23152476678825,-65.00796415848384,405818.6247100429,63,69,273.3146426308009,17.653481652519943,19.677088727559887,212.3388258113516,216.0207772795217,-3.681951468170155,-65.00796415848384,312338.82581135153,39,53,179.83484373210962,20.9188829116977,21.15545826848697,12.936137947844006,42.357063392451934,-29.420925444607928,-44.8583424042422,112936.137947844,15,12,-9.493033254277094,4.757562677643534,14.445861132594809,-0.0988141441353445
65.0,75.0,90.0,15.0,25.0,30.0,564.9598117591576,370.0501494768311,194.9096622823265,-61.80626350017023,664959.8117591576,65,47,534.0566800090725,24.5936859568014,19.677088727559887,369.620987608312,216.0207772795217,153.60021032879027,-61.80626350017023,469620.98760831193,41,33,338.71785585822687,29.429895269915395,21.15545826848697,5.5417064165164565,42.357063392451934,-36.81535697593548,-44.51052515771322,105541.70641651646,16,10,-16.713556162340154,2.0820614847473218,14.445861132594809,-0.1009057232214445
70.0,80.0,85.0,10.0,15.0,30.0,728.7407152243068,370.0501494768311,358.6905657474757,-65.06275675459223,828740.7152243068,40,34,696.2093368470106,27.81868658748341,19.677088727559887,459.15999992598034,216.0207772795217,243.13922264645865,-65.06275675459223,559159.9999259803,27,21,426.6286215486842,33.25229098890665,21.15545826848697,0.3721556229141054,42.357063392451934,-41.98490776953783,-39.55235027606822,100372.15562291411,12,9,-19.404019515120005,0.1420228614624985,14.445861132594809,-0.1016341963938296
65.0,80.0,90.0,25.0,30.0,35.0,321.6780576049151,370.0501494768311,-48.37209187191593,-61.75267111574756,421678.0576049151,66,81,290.8017220470413,18.17813127197452,19.677088727559887,255.53218579808927,216.0207772795217,39.51140851856758,-61.75267111574756,355532.18579808925,45,64,224.6558502402155,23.55947079036007,21.15545826848697,7.21641838116498,42.357063392451934,-35.14064501128696,-36.80905067807711,107216.418381165,17,14,-11.188106957873574,2.697920726419123,14.445861132594809,-0.104534664082228
70.0,80.0,90.0,15.0,30.0,35.0,389.7035198769248,370.0501494768311,19.653370400093763,-59.40563394880568,489703.5198769248,47,70,360.000702902522,20.24739112698053,19.677088727559887,315.907017109327,216.0207772795217,99.8862398298053,-59.40563394880568,415907.017109327,34,53,286.2042001349242,26.834296085052056,21.15545826848697,2.898963788366493,42.357063392451934,-39.45809960408544,-33.33383432312147,102898.96378836648,13,14,-13.767953373194242,1.0978117609086846,14.445861132594809,-0.1421187972300535
65.0,70.0,90.0,15.0,30.0,35.0,235.2979849564322,370.0501494768311,-134.75216452039885,-61.75267111574756,335297.9849564322,60,70,204.42164939855843,15.075547017713632,19.677088727559887,163.03404400286357,216.0207772795217,-52.98673327665813,-61.75267111574756,263034.0440028636,35,53,132.1577084449898,17.50326661338999,21.15545826848697,14.513799836599972,42.357063392451934,-27.84326355585196,-42.10609733657076,114513.79983659998,14,14,-6.539248831685406,5.314279361383467,14.445861132594809,-0.1448470525987851
65.0,80.0,85.0,10.0,15.0,30.0,581.9136713598571,370.0501494768311,211.863521883026,-68.1876227050186,681913.6713598571,53,34,547.8198600073478,24.958287834199577,19.677088727559887,356.2034002546246,216.0207772795217,140.18262297510293,-68.1876227050186,456203.4002546247,32,21,322.1095889021153,28.80567545424615,21.15545826848697,5.582399476085875,42.357063392451934,-36.77466391636606,-43.81883764975139,105582.39947608588,15,9,-16.32701934878982,2.097097275316861,14.445861132594809,-0.1468076716889099
70.0,80.0,90.0,25.0,30.0,35.0,348.3915889260362,370.0501494768311,-21.65856055079485,-58.17942484808884,448391.5889260362,48,81,319.3018765019918,19.023650313731967,19.677088727559887,291.7776374297238,216.0207772795217,75.75686015020213,-58.17942484808884,391777.6374297239,35,64,262.6879250056794,25.57628736147824,21.15545826848697,3.3541641072222683,42.357063392451934,-39.00289928522967,-32.039841182782794,103354.16410722228,13,14,-12.66575648416913,1.2684487011666024,14.445861132594809,-0.1534072167433038
65.0,80.0,90.0,15.0,25.0,35.0,442.5709239898597,370.0501494768311,72.52077451302858,-61.75267111574756,542570.9239898596,64,69,411.6945884319858,21.68671458492661,19.677088727559887,328.6002432687023,216.0207772795217,112.5794659891806,-61.75267111574756,428600.2432687023,43,53,297.7239077108285,27.471830098363515,21.15545826848697,5.622436163054334,42.357063392451934,-36.7346272293976,-41.31515086343669,105622.43616305431,16,12,-15.035139268664013,2.111887046574968,14.445861132594809,-0.1535947129161989
65.0,70.0,90.0,15.0,20.0,35.0,325.3479937450714,370.0501494768311,-44.70215573175966,-62.95428485469235,425347.9937450714,58,60,293.8708513177252,18.297048140914374,19.677088727559887,230.85256711319047,216.0207772795217,14.83178983366878,-62.95428485469235,330852.5671131905,33,45,199.3754246858443,22.08577669116827,21.15545826848697,12.143876810541007,42.357063392451934,-30.213186581910925,-45.92059850125069,112143.876810541,14,11,-10.816422440084336,4.476180227933879,14.445861132594809,-0.1545595902533545
70.0,80.0,90.0,10.0,20.0,30.0,737.0418572040553,370.0501494768311,366.99170772722425,-60.72217968829969,837041.8572040553,43,39,706.6807673599054,27.96662881866812,19.677088727559887,512.1266851215512,216.0207772795217,296.1059078420295,-60.72217968829969,612126.6851215512,30,26,481.76559527740136,35.27889303186023,21.15545826848697,-1.4038457092784395,42.357063392451934,-43.76090910173038,-39.86979250580424,98596.15429072156,12,9,-21.33874196218056,-0.5386984221849134,14.445861132594809,-0.1705268451475345
65.0,75.0,90.0,10.0,15.0,25.0,776.585920773964,370.0501494768311,406.5357712971329,-66.40312946798421,876585.920773964,59,27,743.3843560399719,28.654054906530103,19.677088727559887,479.3837969007272,216.0207772795217,263.36301962120547,-66.40312946798421,579383.7969007272,35,18,446.1822321667351,34.04423922866238,21.15545826848697,3.521468827466712,42.357063392451934,-38.83559456498522,-49.742522546486455,103521.46882746671,14,6,-21.349792445776515,1.3310480231875088,14.445861132594809,-0.1893954203632513
65.0,70.0,75.0,20.0,25.0,30.0,399.998243465502,370.0501494768311,29.948093988670905,-68.13658912572676,499998.243465502,62,51,365.92994890263856,20.53809417469259,19.677088727559887,257.54111836059485,216.0207772795217,41.52034108107316,-68.13658912572676,357541.11836059485,34,37,223.47282379773148,23.67563933612009,21.15545826848697,10.607267949347188,42.357063392451934,-31.749795443104745,-45.91452924909133,110607.26794934718,10,10,-12.349996675198478,3.9269103793366567,14.445861132594809,-0.1930055376352495
65.0,80.0,85.0,15.0,30.0,35.0,336.8575601815143,370.0501494768311,-33.192589295316736,-63.92339006787915,436857.5601815144,64,70,304.89586514757474,18.66419888045474,19.677088727559887,256.7651856647254,216.0207772795217,40.74440838520368,-63.92339006787915,356765.1856647254,43,53,224.8034906307858,23.630834867489625,21.15545826848697,7.032251699916858,42.357063392451934,-35.32481169253508,-37.916978937905,107032.25169991686,17,14,-11.92623776903564,2.6304874298699543,14.445861132594809,-0.2448863173960662
65.0,80.0,85.0,10.0,20.0,25.0,769.8112580312139,370.0501494768311,399.7611085543829,-66.28649113784049,869811.2580312139,59,31,736.6680124622936,28.538257649221265,19.677088727559887,502.5831703973182,216.0207772795217,286.56239311779655,-66.28649113784049,602583.1703973182,38,22,469.439924828398,34.92482891321909,21.15545826848697,1.729271191661974,42.357063392451934,-40.62779220078996,-47.67993179204532,101729.27119166196,15,6,-22.11069470436069,0.657189065155217,14.445861132594809,-0.2450267307287863
65.0,70.0,85.0,15.0,30.0,35.0,227.13040890706645,370.0501494768311,-142.9197405697646,-64.307528063181,327130.40890706645,60,70,194.976644875476,14.746648882148715,19.677088727559887,156.22996099827273,216.0207772795217,-59.790816281248965,-64.307528063181,256229.9609982728,35,53,124.07619696668225,16.990778874659853,21.15545826848697,14.512884472030962,42.357063392451934,-27.844178920420973,-42.10656011072842,114512.88447203096,14,14,-6.540395583333247,5.31395773109693,14.445861132594809,-0.2475999374468277
70.0,75.0,85.0,15.0,25.0,30.0,675.8655102913272,370.0501494768311,305.8153608144961,-62.6195637457265,775865.5102913271,45,47,644.5557284184639,26.8443743123564,19.677088727559887,452.99426612703735,216.0207772795217,236.97348884751565,-62.6195637457265,552994.2661270374,30,33,421.6844842541741,33.00609925001234,21.15545826848697,1.4182079757708577,42.357063392451934,-40.93885541668108,-43.115341395756126,101418.20797577086,12,10,-20.139462722107204,0.539485222905034,14.445861132594809,-0.2488211212038342
65.0,70.0,85.0,25.0,30.0,35.0,213.00613170925368,370.0501494768311,-157.04401776757737,-62.33397372853669,313006.13170925365,62,81,181.83914484498533,14.160354519727704,19.677088727559887,151.38767107744636,216.0207772795217,-64.63310620207534,-62.33397372853669,251387.6710774464,37,64,120.22068421317802,16.619103133207602,21.15545826848697,14.25234559178925,42.357063392451934,-28.104717800662684,-40.80065748155352,114252.34559178924,15,14,-6.147983148987507,5.222347914005843,14.445861132594809,-0.2508912039289943
65.0,70.0,85.0,10.0,15.0,35.0,301.958277077289,370.0501494768311,-68.09187239954207,-66.73391996125943,401958.27707728895,55,53,268.5913170966593,17.52303717846346,19.677088727559887,203.3053207861828,216.0207772795217,-12.715456493338934,-66.73391996125943,303305.3207861828,30,39,169.93836080555303,20.32845689912573,21.15545826848697,13.83156335664415,42.357063392451934,-28.525500035807784,-47.26640464525668,113831.56335664415,14,10,-9.80163896598419,5.074120858290798,14.445861132594809,-0.2519427533304657
70.0,80.0,85.0,10.0,20.0,30.0,739.7443501068582,370.0501494768311,369.6942006300271,-65.06275675459223,839744.3501068582,41,39,707.212971729562,28.01451262803201,19.677088727559887,500.96682360786895,216.0207772795217,284.9460463283473,-65.06275675459223,600966.823607869,28,26,468.4354452305728,34.86440047345387,21.15545826848697,-1.4048514955920743,42.357063392451934,-43.76191488804401,-39.8704058982856,98595.14850440792,12,9,-21.34005444473487,-0.539086066648109,14.445861132594809,-0.2537386649780175
70.0,75.0,90.0,15.0,25.0,30.0,659.5891864799229,370.0501494768311,289.53903700309183,-61.57563776266011,759589.1864799228,45,47,628.8013675985928,26.53263179035241,19.677088727559887,449.2820078823104,216.0207772795217,233.2612306027888,-61.57563776266011,549282.0078823104,30,33,418.4941890009804,32.856767171553635,21.15545826848697,1.4187725365514048,42.357063392451934,-40.93829085590053,-43.11502473814696,101418.7725365514,12,10,-20.13873983252208,0.539699050137532,14.445861132594809,-0.278516883433535
65.0,70.0,90.0,10.0,25.0,35.0,272.2765970126018,370.0501494768311,-97.77355246422924,-61.75267111574756,372276.59701260185,60,67,241.40026145472805,16.481335811076757,19.677088727559887,190.32932078927385,216.0207772795217,-25.69145649024788,-61.75267111574756,290329.3207892738,35,52,159.45298523140005,19.454172585086265,21.15545826848697,13.796640276577431,42.357063392451934,-28.560423115874503,-45.73251420217169,113796.64027657744,14,11,-9.069616824508415,5.061803456494163,14.445861132594809,-0.2814168829976725
65.0,80.0,85.0,10.0,20.0,30.0,609.271422409172,370.0501494768311,239.22127293234092,-66.26295656332182,709271.422409172,58,39,576.1399441275112,25.5300715007714,19.677088727559887,400.6170638099718,216.0207772795217,184.5962865304501,-66.26295656332182,500617.0638099718,37,26,367.4855855283109,30.81698243997191,21.15545826848697,3.458330679598154,42.357063392451934,-38.89873271285378,-44.099362231757055,103458.33067959816,15,9,-18.59135043628037,1.3074313816552108,14.445861132594809,-0.2858815636243981
65.0,70.0,90.0,25.0,30.0,35.0,210.3416349493299,370.0501494768311,-159.70851452750117,-61.75267111574756,310341.6349493299,61,81,179.4652993914561,14.047137745088833,19.677088727559887,149.0926615745699,216.0207772795217,-66.92811570495181,-61.75267111574756,249092.66157456988,36,64,118.21632601669612,16.44085942283049,21.15545826848697,14.253351378102863,42.357063392451934,-28.10371201434907,-40.80013633786782,114253.35137810286,15,14,-6.146716790831047,5.222701813332353,14.445861132594809,-0.2862577970736162
65.0,75.0,85.0,15.0,25.0,30.0,534.3931522642027,370.0501494768311,164.3430027873717,-64.90721926040189,634393.1522642027,64,47,501.9395426340018,23.915052857982545,19.677088727559887,347.9333420302892,216.0207772795217,131.91256475076747,-64.90721926040189,447933.3420302891,40,33,315.4797324000882,28.41326977262475,21.15545826848697,5.541281011690513,42.357063392451934,-36.81578238076142,-44.51074881801955,105541.2810116905,16,10,-16.71409339731926,2.081904281828395,14.445861132594809,-0.3043553706075104
70.0,80.0,90.0,10.0,20.0,25.0,873.298189179061,370.0501494768311,503.2480397022299,-60.7241784555,973298.189179061,43,31,842.936099951311,30.226300656745096,19.677088727559887,599.9391512455599,216.0207772795217,383.9183739660382,-60.7241784555,699939.1512455598,30,22,569.5770620178099,38.33747649408892,21.15545826848697,-3.0834751300957697,42.357063392451934,-45.440538522547705,-43.25074163701085,96916.52486990424,11,6,-24.7088459486012,-1.1894885873678374,14.445861132594809,-0.3199186731913563
70.0,85.0,90.0,15.0,25.0,30.0,742.895054583559,370.0501494768311,372.844905106728,-49.08610127764968,842895.054583559,42,47,718.3520039447342,28.070166347373803,19.677088727559887,542.649570167843,216.0207772795217,326.6287928883213,-49.08610127764968,642649.570167843,30,33,518.1065195290181,36.38123055794538,21.15545826848697,-5.133013279638254,42.357063392451934,-47.49007667209019,-34.452924545015684,94866.98672036176,12,10,-22.35947555214609,-1.9931158719736164,14.445861132594809,-0.3537438862143047
65.0,75.0,90.0,10.0,15.0,20.0,872.1418931746222,370.0501494768311,502.0917436977911,-67.39355345938564,972141.8931746222,57,18,838.4451164449293,30.2083349858868,19.677088727559887,554.7467261929264,216.0207772795217,338.72594891340475,-67.39355345938564,654746.7261929264,33,10,521.0499494632336,36.80607455709384,21.15545826848697,1.1488099214464809,42.357063392451934,-41.208253471005456,-51.13117872074924,101148.80992144647,13,5,-24.41677943892814,0.4373667502874045,14.445861132594809,-0.3567867994883062
65.0,80.0,85.0,15.0,25.0,35.0,416.5703410115088,370.0501494768311,46.52019153467779,-64.10565424687411,516570.3410115088,63,69,384.5175138880718,20.99512880961527,19.677088727559887,307.8103523783344,216.0207772795217,91.78957509881272,-64.10565424687411,407810.3523783344,42,53,275.75752525489736,26.41910986089724,21.15545826848697,5.621430376740721,42.357063392451934,-36.735633015711215,-41.315709688059776,105621.43037674073,16,12,-15.036424467289166,2.1115155460313506,14.445861132594809,-0.3644361182251145
70.0,80.0,85.0,15.0,25.0,35.0,469.2353391463917,370.0501494768311,99.18518966956066,-61.30862248710879,569235.3391463917,45,69,438.5810279028373,22.36617246925652,19.677088727559887,364.3231071875517,216.0207772795217,148.30232990803003,-61.30862248710879,464323.1071875517,32,53,333.66879594399734,29.18522239885868,21.15545826848697,1.4263273208349636,42.357063392451934,-40.93073607161697,-36.65047858141277,101426.32732083496,13,12,-16.89891196987142,0.5425603517275279,14.445861132594809,-0.3645113762656098
65.0,75.0,80.0,15.0,20.0,35.0,338.7827830108568,370.0501494768311,-31.26736646597425,-66.26733928956222,438782.7830108568,62,60,305.6491133660757,18.72477618678936,19.677088727559887,240.60588120659963,216.0207772795217,24.58510392707793,-66.26733928956222,340605.88120659965,38,45,207.4722115618185,22.678780394153254,21.15545826848697,10.80187362585978,42.357063392451934,-31.55518976659216,-46.09852286183145,110801.87362585978,15,11,-12.247387805055943,3.9967330185324057,14.445861132594809,-0.3653919718253915
70.0,80.0,85.0,10.0,20.0,25.0,879.9690894438552,370.0501494768311,509.9189399670241,-65.08321598096153,979969.0894438552,41,31,847.4274814533744,30.329581268567264,19.677088727559887,590.4518299589699,216.0207772795217,374.4310526794482,-65.08321598096153,690451.82995897,28,22,557.9102219684892,38.02296595134595,21.15545826848697,-3.0841766787122027,42.357063392451934,-45.44124007116414,-43.25115242726301,96915.8233212878,11,6,-24.709752892343708,-1.18976186015729,14.445861132594809,-0.383039488078311
65.0,70.0,85.0,10.0,25.0,35.0,262.70601549381274,370.0501494768311,-107.34413398301832,-64.45919447936996,362706.0154938128,60,67,230.47641825412776,16.129767759186244,19.677088727559887,182.650902713689,216.0207772795217,-33.3698745658327,-64.45919447936996,282650.90271368896,35,52,150.421305474004,18.921371371518035,21.15545826848697,13.796276207238712,42.357063392451934,-28.560787185213226,-45.73268782001858,113796.27620723873,14,11,-9.07006770277058,5.061675036608815,14.445861132594809,-0.3880779604214832
65.0,75.0,85.0,15.0,20.0,25.0,756.7244196361953,370.0501494768311,386.67427015936426,-66.27962962237845,856724.4196361953,63,33,723.5846048250061,28.31229254834977,19.677088727559887,489.1377836400866,216.0207772795217,273.1170063605649,-66.27962962237845,589137.7836400867,39,23,455.9979688288974,34.41799209774925,21.15545826848697,1.9139420503063496,42.357063392451934,-40.44312134214559,-48.564762872065806,101913.94205030634,15,7,-22.36843938572656,0.726961864840936,14.445861132594809,-0.3895248820290851
65.0,80.0,90.0,20.0,30.0,35.0,359.20983548885664,370.0501494768311,-10.840313987974412,-61.75267111574756,459209.8354888567,64,75,328.33349993098284,19.353442224256547,19.677088727559887,286.5192394588486,216.0207772795217,70.49846217932688,-61.75267111574756,386519.2394588486,43,58,255.6429039009748,25.29359815302188,21.15545826848697,5.149251063692217,42.357063392451934,-37.20781232875972,-38.19118181041847,105149.2510636922,17,14,-13.946339841517018,1.9368678472766463,14.445861132594809,-0.3906066762266125
65.0,70.0,90.0,20.0,25.0,35.0,279.0199535055005,370.0501494768311,-91.03019597133056,-61.75267111574756,379019.9535055005,61,73,248.14361794762672,16.724281232667025,19.677088727559887,203.49891275432324,216.0207772795217,-12.521864525198453,-61.75267111574756,303498.9127543232,36,57,172.62257719644947,20.34126268716177,21.15545826848697,12.00251583007632,42.357063392451934,-30.35454756237561,-44.52457497184869,112002.51583007631,14,12,-10.259771655848024,4.4258449087893,14.445861132594809,-0.3965779955584319
65.0,70.0,80.0,10.0,15.0,35.0,303.70778371675004,370.0501494768311,-66.34236576008101,-69.33651660147284,403707.7837167501,57,53,269.03952541601365,17.58229110747509,19.677088727559887,193.47929482710512,216.0207772795217,-22.54148245241657,-69.33651660147284,293479.2948271051,31,39,158.8110365263687,19.66935609758005,21.15545826848697,13.713081382055805,42.357063392451934,-28.64398201039613,-47.37771489478436,113713.0813820558,12,10,-9.975776065336378,5.032322675398437,14.445861132594809,-0.422062757472403
65.0,75.0,80.0,25.0,30.0,35.0,247.4559174862379,370.0501494768311,-122.59423199059316,-63.71455972516964,347455.9174862379,66,81,215.59863762365308,15.552247902876882,19.677088727559887,181.7482100323532,216.0207772795217,-34.27256724716855,-63.71455972516964,281748.2100323531,42,64,149.89093016976832,18.85794437570168,21.15545826848697,11.9441152319693,42.357063392451934,-30.412948160482635,-41.767328463892895,111944.1152319693,16,14,-8.939548999977148,4.40503837061752,14.445861132594809,-0.431041256866528
65.0,70.0,85.0,15.0,20.0,35.0,297.7655227132297,370.0501494768311,-72.28462676360135,-66.73391996125943,397765.5227132297,58,60,264.3985627326,17.380099862528397,19.677088727559887,209.02219009943016,216.0207772795217,-6.998587180091533,-66.73391996125943,309022.1900994301,33,45,175.65523011880043,20.703782341994327,21.15545826848697,12.143560598202985,42.357063392451934,-30.21350279424895,-45.920750989058966,112143.56059820298,14,11,-10.816814896326498,4.476067675927231,14.445861132594809,-0.4310468676732928
65.0,75.0,80.0,15.0,30.0,35.0,246.96775617503252,370.0501494768311,-123.08239330179848,-64.92981162594256,346967.7561750326,62,70,214.50285036206128,15.533393822553542,19.677088727559887,172.99831491774972,216.0207772795217,-43.02246236177197,-64.92981162594256,272998.3149177497,38,53,140.53340910477846,18.234200135855573,21.15545826848697,12.933309721132558,42.357063392451934,-29.42375367131937,-42.89833755829798,112933.30972113257,15,14,-8.515859058016433,4.756560366945828,14.445861132594809,-0.4404017166628571
65.0,75.0,90.0,15.0,20.0,30.0,646.0700273782348,370.0501494768311,276.0198779014038,-63.486812629360365,746070.0273782348,63,41,614.3266210635546,26.269175747903105,19.677088727559887,426.4955774377747,216.0207772795217,210.47480015825303,-63.486812629360365,526495.5774377747,39,27,394.75217112309457,31.92126452745308,21.15545826848697,2.7696929768674883,42.357063392451934,-39.587370415584445,-46.18414273895404,102769.69297686747,16,10,-20.32237839260953,1.0492681345052546,14.445861132594809,-0.4413093074953353
70.0,80.0,90.0,15.0,25.0,35.0,452.09459592230905,370.0501494768311,82.044446445478,-59.45450231294058,552094.5959223091,47,69,422.3673447658388,21.93271690618839,19.677088727559887,355.4982731705581,216.0207772795217,139.47749589103643,-59.45450231294058,455498.2731705581,34,53,325.77102201408786,28.77245008495248,21.15545826848697,1.4273331071485984,42.357063392451934,-40.929730285303336,-36.64985038079365,101427.3331071486,13,12,-16.897592083248224,0.542941273646913,14.445861132594809,-0.4467554197373362
65.0,70.0,80.0,15.0,25.0,35.0,271.5149497291395,370.0501494768311,-98.53519974769154,-66.11651435141694,371514.9497291395,61,69,238.45669255343105,16.453651672384375,19.677088727559887,173.1563136484723,216.0207772795217,-42.86446363104941,-66.11651435141694,273156.3136484723,35,53,140.09805647276383,18.245609939458475,21.15545826848697,13.778544643723368,42.357063392451934,-28.57851874872857,-44.9948581722442,113778.54464372338,12,12,-8.718884442398732,5.055420191725979,14.445861132594809,-0.4535129312298004
65.0,75.0,85.0,10.0,15.0,25.0,724.4214633554302,370.0501494768311,354.37131387859915,-68.49405509562453,824421.4633554302,58,27,690.1744358076179,27.741190425222804,19.677088727559887,445.3867141770989,216.0207772795217,229.3659368975772,-68.49405509562453,545386.7141770988,34,18,411.1396866292866,32.69916528943262,21.15545826848697,3.521468827466712,42.357063392451934,-38.83559456498522,-49.742522546486455,103521.46882746671,14,6,-21.349792445776515,1.3310480231875088,14.445861132594809,-0.4584102082092025
70.0,80.0,85.0,10.0,15.0,20.0,1007.132982850004,370.0501494768311,637.082833373173,-68.39929745807135,1107132.982850004,36,18,972.9333341209684,32.18825620713774,19.677088727559887,631.5605393086047,216.0207772795217,415.539762029083,-68.39929745807135,731560.5393086047,23,10,597.3608905795691,39.360716527323135,21.15545826848697,-3.883929671685793,42.357063392451934,-46.240993064137726,-44.66599433640008,96116.0703283142,11,5,-26.21692683988584,-1.5020865271461847,14.445861132594809,-0.4599845973393641
80.0,85.0,90.0,15.0,25.0,30.0,681.5396045234389,370.0501494768311,311.4894550466079,-43.73907338702343,781539.604523439,21,47,659.6700678299272,26.951692965324405,19.677088727559887,516.7699612934917,216.0207772795217,300.7491840139701,-43.73907338702343,616769.9612934918,17,33,494.90042459998006,35.44949776552715,21.15545826848697,-10.190251052148591,42.357063392451934,-52.54731444460053,-20.49688304769977,89809.7489478514,4,10,-20.43869257599848,-4.023095563978519,14.445861132594809,-0.4639730947695466
70.0,80.0,85.0,20.0,30.0,35.0,391.46628808940943,370.0501494768311,21.41613861257838,-61.243976146914406,491466.2880894095,45,75,360.8443000159522,20.297549241602585,19.677088727559887,324.774240635272,216.0207772795217,108.75346335575033,-61.243976146914406,424774.240635272,32,58,294.1522525618148,27.28133923690752,21.15545826848697,1.3597769616477071,42.357063392451934,-40.99728643080422,-33.694089207210986,101359.7769616477,13,14,-15.487267641957786,0.5173505144140611,14.445861132594809,-0.4660354654894163
65.0,80.0,90.0,15.0,20.0,35.0,493.0543591472673,370.0501494768311,123.00420967043624,-62.62901879888814,593054.3591472673,63,60,461.7398497478232,22.949736728004225,19.677088727559887,368.90234995657664,216.0207772795217,152.88157267705495,-62.62901879888814,468902.3499565766,42,45,337.5878405571325,29.396841559307173,21.15545826848697,3.310384966978664,42.357063392451934,-39.04667842547328,-42.77182278335352,103310.38496697866,15,11,-18.075526424698097,1.252057809253837,14.445861132594809,-0.4731486169778844
65.0,70.0,90.0,10.0,30.0,35.0,224.5991106967149,370.0501494768311,-145.4510387801161,-61.75267111574756,324599.1106967149,59,68,193.7227751388412,14.643242859942562,19.677088727559887,156.73382672846415,216.0207772795217,-59.28695055105754,-61.75267111574756,256733.82672846413,34,52,125.85749117059038,17.029116670521603,21.15545826848697,13.926859913054802,42.357063392451934,-28.43020347939713,-43.18789919581373,113926.8599130548,14,13,-7.667089684852062,5.107720164180574,14.445861132594809,-0.4821207052786403
65.0,75.0,90.0,20.0,25.0,30.0,557.5587838276471,370.0501494768311,187.508634350816,-61.80626350017023,657558.7838276471,67,51,526.655652077562,24.43194044016153,19.677088727559887,386.4867718336412,216.0207772795217,170.46599455411948,-61.80626350017023,486486.7718336412,43,37,355.5836400835561,30.1937907102114,21.15545826848697,3.366070224103246,42.357063392451934,-38.99099316834869,-44.60453804417348,103366.07022410324,16,10,-18.936198797983494,1.2729056043016662,14.445861132594809,-0.4834792460979464
70.0,80.0,85.0,10.0,30.0,35.0,398.95150532121176,370.0501494768311,28.901355844380703,-61.243976146914406,498951.50532121176,45,68,368.32951724775455,20.5087791982364,19.677088727559887,319.1081705827085,216.0207772795217,103.0873933031868,-61.243976146914406,419108.1705827085,32,52,288.4861825092513,26.9965909455673,21.15545826848697,1.9077983526138096,42.357063392451934,-40.44926503983813,-34.67412369043936,101907.7983526138,13,13,-15.42926349260587,0.7246418947095545,14.445861132594809,-0.4862491748882283
65.0,80.0,90.0,10.0,30.0,35.0,346.07891938322786,370.0501494768311,-23.9712300936032,-61.75267111574756,446078.9193832278,64,68,315.20258382535405,18.95223769692973,19.677088727559887,266.0302957355727,216.0207772795217,50.00951845605098,-61.75267111574756,366030.2957355727,43,52,235.1539601776989,24.16060893639436,21.15545826848697,6.083330991323854,42.357063392451934,-36.27373240112808,-39.140264160986106,106083.33099132386,16,13,-13.486801089169198,2.2818951977501056,14.445861132594809,-0.4878449768011319
65.0,85.0,90.0,15.0,25.0,30.0,659.8534482158062,370.0501494768311,289.8032987389752,-60.09669708531513,759853.4482158062,62,47,629.8050996731487,26.53774018880435,19.677088727559887,439.50060396777815,216.0207772795217,223.47982668825645,-60.09669708531513,539500.6039677782,42,33,409.4522554251206,32.459227094755214,21.15545826848697,-0.5061892372894783,42.357063392451934,-42.86325262974141,-39.70535066493949,99493.81076271052,15,10,-20.358864569759223,-0.1936982915334062,14.445861132594809,-0.4937657635585812
70.0,75.0,90.0,10.0,15.0,25.0,974.3666299275452,370.0501494768311,604.3164804507143,-61.75267111574756,1074366.629927545,43,27,943.4902943696716,31.728142633537004,19.677088727559887,611.8618342559561,216.0207772795217,395.8410569764344,-61.75267111574756,711861.8342559561,28,18,580.9854986980823,38.72772265880149,21.15545826848697,-1.8734403107780409,42.357063392451934,-44.23050370322998,-48.83321669393895,98126.55968922196,11,6,-26.29004865774752,-0.7199533642328948,14.445861132594809,-0.4949190509039411
65.0,75.0,80.0,10.0,25.0,35.0,284.0446371157008,370.0501494768311,-86.00551236113029,-66.00321853127859,384044.6371157008,62,67,251.04302785006143,16.902835544973783,19.677088727559887,199.0443747167644,216.0207772795217,-16.97640256275733,-66.00321853127859,299044.3747167644,38,52,166.04276545112506,20.04486308306805,21.15545826848697,12.393028066335354,42.357063392451934,-29.96403532611658,-45.95477342432942,112393.02806633536,15,11,-10.584358645829354,4.56480176333498,14.445861132594809,-0.5085558061705554
65.0,70.0,85.0,20.0,25.0,35.0,267.07429542263503,370.0501494768311,-102.97585405419602,-64.45919447936996,367074.29542263504,61,73,234.84469818295003,16.291237925915404,19.677088727559887,193.6688716072697,216.0207772795217,-22.351905672251974,-64.45919447936996,293668.87160726974,36,57,161.43927436758474,19.68224511751544,21.15545826848697,12.00199116431897,42.357063392451934,-30.355072228132965,-44.5248348415103,112001.99116431896,14,12,-10.26042625643618,4.425658014555967,14.445861132594809,-0.5285289777055255
65.0,70.0,75.0,10.0,15.0,35.0,285.7227079745461,370.0501494768311,-84.32744150228496,-69.99248174252463,385722.70797454607,57,53,250.72646710328377,16.962006681352126,19.677088727559887,193.0739394579459,216.0207772795217,-22.9468378215758,-69.99248174252463,293073.9394579459,30,39,158.0776985866836,19.64177334718031,21.15545826848697,13.486300944669916,42.357063392451934,-28.87076244778202,-47.88614340914695,113486.30094466991,9,10,-10.45677075990356,4.952243743179463,14.445861132594809,-0.5304734649309435
70.0,80.0,90.0,20.0,30.0,35.0,379.1625631782872,370.0501494768311,9.112413701456148,-59.40563394880568,479162.5631782872,47,75,349.4597462038844,19.944082857720424,19.677088727559887,317.8424139969604,216.0207772795217,101.82163671743868,-59.40563394880568,417842.4139969604,34,58,288.13959702255755,26.9325423898783,21.15545826848697,1.360782747961342,42.357063392451934,-40.99628064449059,-33.69343168581138,101360.78274796132,13,14,-15.48593309494435,0.5177315908624358,14.445861132594809,-0.5354813830638574
65.0,80.0,85.0,10.0,15.0,20.0,818.7584237114519,370.0501494768311,448.7082742346208,-68.89764998684466,918758.423711452,49,18,784.3095987180295,29.357602123382897,19.677088727559887,510.7104658857777,216.0207772795217,294.689688606256,-68.89764998684466,610710.4658857777,28,10,476.2616408923554,35.2266432693384,21.15545826848697,0.8589117758270204,42.357063392451934,-41.49815161662492,-49.17755908464125,100858.911775827,14,5,-23.729867766493605,0.3272895656541319,14.445861132594809,-0.548861263440223
70.0,80.0,90.0,10.0,30.0,35.0,385.66822436137545,370.0501494768311,15.6180748845444,-59.40563394880568,485668.2243613754,47,68,355.96540738697263,20.131966555456792,19.677088727559887,312.0788691641516,216.0207772795217,96.05809188462987,-59.40563394880568,412078.8691641516,34,52,282.37605218974875,26.63884106119383,21.15545826848697,1.9088041389274448,42.357063392451934,-40.44825925352449,-34.67347895202503,101908.80413892744,13,13,-15.42793533708507,0.7250217035267514,14.445861132594809,-0.5574878021903109
70.0,75.0,85.0,20.0,25.0,30.0,640.2422527424537,370.0501494768311,270.1921032656227,-62.6195637457265,740242.2527424537,46,51,608.9324708695905,26.15430270975268,19.677088727559887,455.5206901182764,216.0207772795217,239.4999128387548,-62.6195637457265,555520.6901182764,31,37,424.2109082454132,33.10725211430039,21.15545826848697,0.0287261584295261,42.357063392451934,-42.328337234022406,-43.30040230046595,100028.72615842952,12,10,-21.62147499180345,0.0109741613719682,14.445861132594809,-0.5906288288136992
80.0,85.0,90.0,10.0,25.0,30.0,678.0577468471737,370.0501494768311,308.00759737034264,-46.21491979720296,778057.7468471737,21,45,654.9502869485722,26.88591980732946,19.677088727559887,510.0785246202664,216.0207772795217,294.05774734074464,-46.21491979720296,610078.5246202664,17,32,486.9710647216649,35.20329594967517,21.15545826848697,-10.35971467606316,42.357063392451934,-52.7167780685151,-20.83395456768563,89640.28532393684,4,9,-20.77669195990597,-4.092327337266521,14.445861132594809,-0.5919212625757293
65.0,70.0,85.0,10.0,30.0,35.0,215.9784566178232,370.0501494768311,-154.07169285900784,-64.307528063181,315978.4566178232,59,68,183.82469258623271,14.285650320177943,19.677088727559887,149.54445431425052,216.0207772795217,-66.47632296527118,-64.307528063181,249544.45431425053,34,52,117.39069028266002,16.476056119155036,21.15545826848697,13.926103806847202,42.357063392451934,-28.43095958560473,-43.18827624458097,113926.1038068472,14,13,-7.668034315443283,5.107453647426552,14.445861132594809,-0.5929437563187927
70.0,75.0,90.0,15.0,20.0,30.0,748.3752170092241,370.0501494768311,378.32506753239306,-61.75267111574756,848375.2170092241,44,41,717.4988814513504,28.1665307701612,19.677088727559887,512.7035853926318,216.0207772795217,296.6828081131101,-61.75267111574756,612703.5853926317,29,27,481.827249834758,35.30014822847522,21.15545826848697,-1.1626598181943226,42.357063392451934,-43.519723210646255,-44.77179475407082,98837.34018180567,12,10,-23.548557195229733,-0.4458123792560164,14.445861132594809,-0.5961001027474111
65.0,80.0,85.0,20.0,30.0,35.0,336.8581720198484,370.0501494768311,-33.19197745698267,-63.92339006787915,436858.1720198484,64,75,304.8964769859088,18.66421816945647,19.677088727559887,267.4657092145229,216.0207772795217,51.44493193500122,-63.92339006787915,367465.7092145229,43,58,235.5040141805833,24.241682920326863,21.15545826848697,5.148245277378583,42.357063392451934,-37.20881811507335,-38.19177303158998,105148.24527737858,17,14,-13.94764123841641,1.9364953145433408,14.445861132594809,-0.6012909911594149
65.0,75.0,80.0,20.0,25.0,35.0,308.1131011196301,370.0501494768311,-61.93704835720098,-65.00796415848384,408113.1011196301,65,73,275.6091190403881,17.73049520067933,19.677088727559887,227.05974773677093,216.0207772795217,11.038970457249237,-65.00796415848384,327059.7477367709,41,57,194.555765657529,21.85123360826855,21.15545826848697,9.874590569223418,42.357063392451934,-32.48247282322852,-44.93081915186834,109874.59056922342,14,12,-12.590819006710753,3.663349715109909,14.445861132594809,-0.630830105230645
70.0,85.0,90.0,20.0,25.0,30.0,706.2061392057612,370.0501494768311,336.1559897289302,-49.08610127764968,806206.1392057613,42,51,681.6630885669364,27.41037050854993,19.677088727559887,542.7541275304447,216.0207772795217,326.7333502509231,-49.08610127764968,642754.1275304448,30,37,518.2110768916199,36.38493098355464,21.15545826848697,-6.161156120534894,42.357063392451934,-48.51821951298683,-34.654752250349055,93838.8438794651,12,10,-23.488532245709425,-2.400296975362904,14.445861132594809,-0.6378542888288266
70.0,75.0,90.0,20.0,25.0,30.0,621.6823723591801,370.0501494768311,251.63222288234908,-61.57563776266011,721682.3723591801,46,51,590.8945534778501,25.78305885810521,19.677088727559887,449.3400431562847,216.0207772795217,233.319265876763,-61.57563776266011,549340.0431562847,31,37,418.55222427495465,32.85910820349785,21.15545826848697,0.0292469552306773,42.357063392451934,-42.32781643722126,-43.30010709557589,100029.24695523069,12,10,-21.620806592557265,0.0111731017143679,14.445861132594809,-0.6400987792626429
65.0,75.0,90.0,10.0,15.0,30.0,615.4212612347341,370.0501494768311,245.371111757903,-66.75554068025919,715421.261234734,58,34,582.0434908946045,25.655915957756736,19.677088727559887,384.7183470654092,216.0207772795217,168.6975697858875,-66.75554068025919,484718.3470654092,34,21,351.3405767252796,30.11473912159277,21.15545826848697,3.9586292307167694,42.357063392451934,-38.39843416173517,-47.48235060344834,103958.62923071676,15,9,-19.7825460710074,1.4943229634479138,14.445861132594809,-0.6431495363040984
65.0,80.0,90.0,10.0,15.0,35.0,467.6469932289376,370.0501494768311,97.59684375210657,-62.62901879888814,567646.9932289376,62,53,436.3324838294935,22.3264949702515,19.677088727559887,333.6035371739244,216.0207772795217,117.5827598944027,-62.62901879888814,433603.5371739244,41,39,302.2890277744803,27.71881003945844,21.15545826848697,4.332675759494853,42.357063392451934,-38.02438763295708,-43.78851734509104,104332.67575949486,15,10,-17.561582913050664,1.633689028145091,14.445861132594809,-0.6623640848420684
70.0,75.0,90.0,15.0,20.0,25.0,892.9112128942613,370.0501494768311,522.8610634174303,-61.75267111574756,992911.2128942612,44,33,862.0348773363876,30.52819451761575,19.677088727559887,601.6067022821254,216.0207772795217,385.5859250026037,-61.75267111574756,701606.7022821254,29,23,570.7303667242517,38.392389366976,21.15545826848697,-2.754831227518617,42.357063392451934,-45.11189461997055,-47.6646846878975,97245.16877248138,11,7,-26.587173571467368,-1.061606769692025,14.445861132594809,-0.667207222213329
65.0,80.0,90.0,10.0,25.0,35.0,421.6113212450869,370.0501494768311,51.56117176825586,-61.75267111574756,521611.32124508696,64,67,390.7349856872131,21.1315812134105,19.677088727559887,315.050752124886,216.0207772795217,99.02997484536432,-61.75267111574756,415050.752124886,43,52,284.1744165670122,26.79070802323116,21.15545826848697,4.546585179856844,42.357063392451934,-37.81047821259509,-42.61550744425173,104546.58517985683,15,11,-16.761168542269022,1.7132508449756667,14.445861132594809,-0.6789683170637202
65.0,70.0,90.0,20.0,30.0,35.0,230.3888772295085,370.0501494768311,-139.66127224732256,-61.75267111574756,330388.8772295085,61,75,199.51254167163472,14.878724262956087,19.677088727559887,168.40435285691072,216.0207772795217,-47.616424422610976,-61.75267111574756,268404.3528569108,36,58,137.52801729903695,17.900018806200734,21.15545826848697,11.889657136985065,42.357063392451934,-30.46740625546687,-42.21090528485247,111889.65713698509,14,14,-9.215795505441168,4.385630394193885,14.445861132594809,-0.6795992375380364
65.0,80.0,90.0,20.0,25.0,35.0,424.7963740840976,370.0501494768311,54.74622460726653,-61.75267111574756,524796.3740840976,64,73,393.9200385262238,21.21719650798275,19.677088727559887,330.36930092484926,216.0207772795217,114.34852364532756,-61.75267111574756,430369.3009248492,43,57,299.49296536697545,27.55943014663047,21.15545826848697,3.5049491911861352,42.357063392451934,-38.8521142012658,-41.670012403062685,103504.94919118614,15,12,-17.330057010345207,1.3248697609748117,14.445861132594809,-0.68312209286551
70.0,75.0,90.0,10.0,15.0,20.0,1106.6285437673769,370.0501494768311,736.5783942905458,-61.82079559238831,1206628.5437673768,42,18,1075.7181459711828,33.51516180844112,19.677088727559887,707.5744724931907,216.0207772795217,491.553695213669,-61.82079559238831,807574.4724931907,27,10,676.6640746969965,41.67742559033205,21.15545826848697,-4.347423630434976,42.357063392451934,-46.70448702288691,-50.35123441617966,95652.57636956502,9,5,-29.523040838524807,-1.6838286949389047,14.445861132594809,-0.6832992017808053
65.0,75.0,90.0,10.0,25.0,30.0,524.3727295384119,370.0501494768311,154.32258006158088,-62.64140508850659,624372.7295384118,63,45,493.0520269941586,23.68628416141632,19.677088727559887,345.2023240792184,216.0207772795217,129.1815467996967,-62.64140508850659,445202.3240792184,39,32,313.8816215349651,28.2823597125303,21.15545826848697,4.612356394470329,42.357063392451934,-37.7447069979816,-45.803654875631,104612.35639447032,16,9,-18.28947104334517,1.7376936746601237,14.445861132594809,-0.6835648830469214
65.0,85.0,90.0,15.0,20.0,25.0,890.7733268941579,370.0501494768311,520.7231774173268,-60.96632512949303,990773.3268941578,61,33,860.2901643294114,30.49554433697184,19.677088727559887,586.4603407317859,216.0207772795217,370.4395634522642,-60.96632512949303,686460.3407317859,41,23,555.9771781670394,37.889568526535776,21.15545826848697,-3.810268232256331,42.357063392451934,-46.16733162470827,-44.15660222904568,96189.73176774368,14,7,-25.888569346779168,-1.4732528021334068,14.445861132594809,-0.6845330655030879
70.0,75.0,90.0,10.0,25.0,30.0,653.1568196630192,370.0501494768311,283.1066701861881,-61.57563776266011,753156.8196630192,45,45,622.3690007816891,26.40780175016999,19.677088727559887,443.2221310203895,216.0207772795217,227.2013537408678,-61.57563776266011,543222.1310203895,30,32,412.4343121390594,32.61118137716337,21.15545826848697,0.4808875970474524,42.357063392451934,-41.87617579540448,-44.39703029223918,100480.88759704743,12,9,-21.717627549072137,0.1834559601919361,14.445861132594809,-0.6873926061854472
75.0,80.0,85.0,15.0,25.0,30.0,668.1785705319915,370.0501494768311,298.1284210551604,-61.78662576070805,768178.5705319915,34,47,637.2852576516374,26.69787312658812,19.677088727559887,478.3159237795793,216.0207772795217,262.2951465000576,-61.78662576070805,578315.9237795793,26,33,447.4226108992253,34.00300277590833,21.15545826848697,-5.322801856495218,42.357063392451934,-47.67986524894715,-32.559495865393586,94677.19814350478,8,10,-21.60254978919201,-2.068072929412279,14.445861132594809,-0.6887686619946363
70.0,75.0,90.0,10.0,15.0,30.0,785.5769469765665,370.0501494768311,415.5267974997355,-61.75267111574756,885576.9469765665,43,34,754.7006114186928,28.80652025564472,19.677088727559887,503.42468786350594,216.0207772795217,287.40391058398427,-61.75267111574756,603424.6878635059,28,21,472.54835230563214,34.95623628465532,21.15545826848697,-0.8391645719630025,42.357063392451934,-43.19622796441494,-45.97395096399099,99160.835428037,12,9,-23.826140053958497,-0.321446831705019,14.445861132594809,-0.7042605065952603
65.0,75.0,90.0,10.0,20.0,25.0,737.0148024308795,370.0501494768311,366.96465295404846,-63.87839491382093,837014.8024308796,62,31,705.075604973969,27.96614876130419,19.677088727559887,488.0118578672912,216.0207772795217,271.9910805877695,-63.87839491382093,588011.8578672912,38,22,456.0726604103807,34.37511331490302,21.15545826848697,1.1449710987169182,42.357063392451934,-41.21209229373502,-49.77137499611543,101144.97109871692,14,6,-23.7407163993408,0.4359103859920443,14.445861132594809,-0.7079453122550721
70.0,75.0,85.0,15.0,20.0,25.0,902.7795103408146,370.0501494768311,532.7293608639835,-65.42065876751674,1002779.5103408146,43,33,870.0691809570562,30.678104175056163,19.677088727559887,593.8602211026508,216.0207772795217,377.8394438231292,-65.42065876751674,693860.2211026507,28,23,561.1498917188925,38.136368318104495,21.15545826848697,-2.754831227518617,42.357063392451934,-45.11189461997055,-47.6646846878975,97245.16877248138,11,7,-26.587173571467368,-1.061606769692025,14.445861132594809,-0.7184114319876294
65.0,85.0,90.0,15.0,20.0,30.0,743.7900286824541,370.0501494768311,373.7398792056231,-60.96455532647514,843790.0286824543,61,41,713.3077510192165,28.08594154106645,19.677088727559887,497.3634514815959,216.0207772795217,281.34267420207414,-60.96455532647514,597363.4514815959,41,27,466.8811738183583,34.729196474002386,21.15545826848697,-2.641084432828411,42.357063392451934,-44.99814782528035,-41.181676069826025,97358.9155671716,14,10,-23.231922467741423,-1.0174078722948732,14.445861132594809,-0.7228156556927552
65.0,70.0,80.0,15.0,20.0,35.0,298.32428101513506,370.0501494768311,-71.725868461696,-66.85263108311241,398324.2810151351,59,60,264.89796547357884,17.399225474027148,19.677088727559887,198.4898202883479,216.0207772795217,-17.53095699117381,-66.85263108311241,298489.8202883479,33,45,165.0635047467917,20.00770665099145,21.15545826848697,11.611792349353678,42.357063392451934,-30.745271043098256,-46.23481233626004,111611.79234935368,12,11,-11.50561381877634,4.286512932739295,14.445861132594809,-0.7248787236661332
65.0,75.0,80.0,10.0,30.0,35.0,231.97907780928992,370.0501494768311,-138.07107166754113,-66.6426651753251,331979.0778092899,61,68,198.65774522162727,14.942762228815988,19.677088727559887,162.88721163190195,216.0207772795217,-53.13356564761975,-66.6426651753251,262887.211631902,37,52,129.5658790442394,17.492324356089473,21.15545826848697,12.732624844456009,42.357063392451934,-29.62443854799593,-43.802799067211375,112732.624844456,15,13,-9.16877468914968,4.685398921177697,14.445861132594809,-0.7254779632567017
65.0,75.0,85.0,20.0,25.0,30.0,520.9335853980742,370.0501494768311,150.88343592124318,-64.90721926040189,620933.5853980742,66,51,488.47997576787327,23.60701922515656,19.677088727559887,359.3983529272672,216.0207772795217,143.3775756477455,-64.90721926040189,459398.3529272672,42,37,326.9447432970662,28.95568657476117,21.15545826848697,3.365686216973573,42.357063392451934,-38.99137717547836,-44.604743839482296,103365.68621697358,16,10,-18.936685702767576,1.272761861076965,14.445861132594809,-0.7312140858149301
65.0,75.0,85.0,15.0,20.0,30.0,597.1959677369542,370.0501494768311,227.1458182601232,-66.25610540789076,697195.9677369542,61,41,564.0679150330088,25.28013882048144,19.677088727559887,392.1492666714815,216.0207772795217,176.1284893919598,-66.25610540789076,492149.2666714814,37,27,359.0212139675361,30.445313308076937,21.15545826848697,2.769534389663364,42.357063392451934,-39.58752900278857,-46.18422578392667,102769.53438966336,16,10,-20.32257850229997,1.049208558854442,14.445861132594809,-0.7365465800408553
70.0,85.0,90.0,15.0,20.0,30.0,811.632124984397,370.0501494768311,441.581975507566,-53.20486861750216,911632.1249843972,41,41,785.029690675646,29.240748641864457,19.677088727559887,586.1440189888243,216.0207772795217,370.12324170930265,-53.20486861750216,686144.0189888243,29,27,559.5415846800732,37.87896929193944,21.15545826848697,-7.198417344787478,42.357063392451934,-49.55548073723941,-36.03016917459537,92801.58265521252,11,10,-25.213501932085165,-2.813892558699771,14.445861132594809,-0.745425448745463
70.0,75.0,85.0,15.0,20.0,30.0,735.3204955044075,370.0501494768311,365.27034602757647,-65.40100939589222,835320.4955044076,43,41,702.6199908064614,27.93605777737729,19.677088727559887,492.70686945050255,216.0207772795217,276.6860921709808,-65.40100939589222,592706.8694505026,28,27,460.00636475255646,34.55346429751383,21.15545826848697,-1.1629773980102232,42.357063392451934,-43.52004079046216,-44.77197221092286,98837.02260198978,12,10,-23.54896350347165,-0.4459345941511206,14.445861132594809,-0.7455340743067111
65.0,70.0,90.0,10.0,20.0,35.0,304.9030856009257,370.0501494768311,-65.1470638759053,-62.95428485469235,404903.0856009257,58,58,273.4259431735796,17.622644332907655,19.677088727559887,220.1990250190884,216.0207772795217,4.1782477395667,-62.95428485469235,320199.0250190884,33,44,188.72188259174223,21.42115616415812,21.15545826848697,10.778319938413228,42.357063392451934,-31.578743454038708,-47.37907070240436,110778.31993841322,14,10,-12.91121541278895,3.988286215663938,14.445861132594809,-0.7504620237462135
75.0,80.0,90.0,15.0,25.0,30.0,644.9457319488424,370.0501494768311,274.89558247201137,-59.51040449446542,744945.7319488424,36,47,615.1905297016098,26.247076316034136,19.677088727559887,469.8706420578167,216.0207772795217,253.84986477829503,-59.51040449446542,569870.6420578167,28,33,440.115439810584,33.67462974098372,21.15545826848697,-5.321796070181605,42.357063392451934,-47.67885946263354,-32.558783035677244,94678.2039298184,8,10,-21.601187588020228,-2.067675449182771,14.445861132594809,-0.754113623858744
65.0,80.0,85.0,10.0,30.0,35.0,318.23827227395986,370.0501494768311,-51.81187720287119,-63.92339006787915,418238.2722739598,64,68,286.2765772400203,18.06583846866101,19.677088727559887,242.8101430616888,216.0207772795217,26.78936578216704,-63.92339006787915,342810.14306168875,43,52,210.8484480277492,22.810836573998404,21.15545826848697,6.082325205010242,42.357063392451934,-36.27473818744169,-39.14084117802342,106082.32520501025,16,13,-13.488095384001468,2.2815246954190904,14.445861132594809,-0.758097977499214
80.0,85.0,90.0,20.0,25.0,30.0,620.1950527420964,370.0501494768311,250.14490326526536,-41.57498122466532,720195.0527420964,21,51,599.4075621297637,25.752944767406795,19.677088727559887,489.94324523832455,216.0207772795217,273.9224679588028,-41.57498122466532,589943.2452383245,17,37,469.1557546259919,34.448624724956225,21.15545826848697,-10.53649662661421,42.357063392451934,-52.89356001906614,-20.56284279178402,89463.50337338579,4,10,-20.81791802250622,-4.1646351466339215,14.445861132594809,-0.7627444060181676
65.0,70.0,85.0,20.0,30.0,35.0,221.3975223437108,370.0501494768311,-148.6526271331203,-64.307528063181,321397.5223437108,61,75,189.24375831212024,14.511429041087464,19.677088727559887,160.74024333020543,216.0207772795217,-55.280533949316265,-64.307528063181,260740.24333020544,36,58,128.58647929861493,17.331743301608405,21.15545826848697,11.888798322214743,42.357063392451934,-30.46826507023719,-42.2113488479965,111888.79832221474,14,14,-9.216876101783503,4.385324279876524,14.445861132594809,-0.7934976690771895
65.0,75.0,85.0,10.0,15.0,20.0,779.8707897288983,370.0501494768311,409.8206402520673,-69.69776048524547,879870.7897288983,52,18,745.0219094862756,28.70991765903883,19.677088727559887,494.2616256948104,216.0207772795217,278.2408484152887,-69.69776048524547,594261.6256948104,28,10,459.41274545218766,34.612265909820586,21.15545826848697,1.1488099214464809,42.357063392451934,-41.208253471005456,-51.13117872074924,101148.80992144647,13,5,-24.41677943892814,0.4373667502874045,14.445861132594809,-0.7955485289429562
70.0,80.0,90.0,15.0,20.0,35.0,507.2911857982378,370.0501494768311,137.24103632140674,-60.476913919150576,607291.1857982378,45,60,477.0527288386625,23.28871851385097,19.677088727559887,401.42300518558886,216.0207772795217,185.4022279060672,-60.476913919150576,501423.0051855889,32,45,371.1845482260136,30.85208323461932,21.15545826848697,-1.0142572654590287,42.357063392451934,-43.37132065791096,-38.32604429616296,98985.74273454097,12,11,-20.17727941354051,-0.3887288483367723,14.445861132594809,-0.8040337606302956
70.0,85.0,90.0,10.0,25.0,30.0,737.909386198475,370.0501494768311,367.8592367216439,-49.314323012678415,837909.3861984749,42,45,713.2522246921358,27.98201490559087,19.677088727559887,535.8117304437841,216.0207772795217,319.7909531642624,-49.314323012678415,635811.7304437842,30,32,511.1545689374449,36.13813398636836,21.15545826848697,-6.196654919842304,42.357063392451934,-48.55371831229424,-35.73418060672713,93803.3450801577,11,9,-24.06374522320587,-2.414404883154564,14.445861132594809,-0.8043266639684701
65.0,80.0,85.0,20.0,25.0,35.0,411.2573414141183,370.0501494768311,41.207191937287234,-64.10565424687411,511257.3414141183,63,73,379.2045142906812,20.850033232423403,19.677088727559887,317.91813347788764,216.0207772795217,101.89735619836594,-64.10565424687411,417918.1334778876,42,57,285.8653063544506,26.936378414708862,21.15545826848697,3.5039649674776685,42.357063392451934,-38.85309842497426,-41.67056706017962,103503.96496747767,15,12,-17.331318562612143,1.3245016469463522,14.445861132594809,-0.8080271790800229
70.0,80.0,85.0,20.0,25.0,35.0,451.0341788504196,370.0501494768311,80.9840293735885,-61.30862248710879,551034.1788504196,45,73,420.3798676068652,21.905512083054912,19.677088727559887,364.5305938422295,216.0207772795217,148.5098165627078,-61.30862248710879,464530.5938422295,32,57,333.8762825986751,29.19484844596141,21.15545826848697,-0.2473093348600241,42.357063392451934,-42.60437272731196,-36.97402993348706,99752.69066513998,13,12,-18.73432430160356,-0.0945594651614034,14.445861132594809,-0.8090691830302985
65.0,80.0,85.0,15.0,20.0,35.0,450.0829187641714,370.0501494768311,80.03276928734039,-66.27144420790012,550082.9187641714,61,60,416.9471966602214,21.88106825882401,19.677088727559887,333.370796258887,216.0207772795217,117.35001897936532,-66.27144420790012,433370.79625888704,40,45,300.23507415493697,27.707373937148084,21.15545826848697,3.3095413931448325,42.357063392451934,-39.0475219993071,-42.77229007609348,103309.54139314484,15,11,-18.076603644901905,1.2517419334160396,14.445861132594809,-0.8112941899782669
65.0,70.0,80.0,10.0,25.0,35.0,254.6482235357471,370.0501494768311,-115.40192594108396,-67.67949618945694,354648.2235357471,60,67,220.80847544101863,15.827353966874313,19.677088727559887,164.56086263893357,216.0207772795217,-51.45991464058813,-67.67949618945694,264560.8626389336,34,52,130.7211145442051,17.616747768043872,21.15545826848697,13.166647960304644,42.357063392451934,-29.19041543214729,-46.09072760255463,113166.64796030465,12,11,-9.87871584097267,4.839202286771371,14.445861132594809,-0.8294139467642587
70.0,80.0,85.0,15.0,20.0,35.0,511.6003724760048,370.0501494768311,141.55022299917368,-63.97070473967253,611600.3724760048,43,60,479.61502010616846,23.38993635672786,19.677088727559887,396.5873713632175,216.0207772795217,180.56659408369572,-63.97070473967253,496587.3713632175,30,45,364.6020189933812,30.6407695675246,21.15545826848697,-1.0152630517726524,42.357063392451934,-43.37232644422458,-38.32667096035559,98984.73694822736,12,11,-20.17859853195045,-0.3891155492996456,14.445861132594809,-0.8466105160943722
65.0,75.0,80.0,10.0,20.0,35.0,312.5234235226144,370.0501494768311,-57.52672595421666,-66.94172850052607,412523.4235226144,61,58,279.05255927235135,17.877457875802683,19.677088727559887,225.0054879188442,216.0207772795217,8.984710639322515,-66.94172850052607,325005.4879188442,37,44,191.5346236685812,21.72325315993282,21.15545826848697,10.013026171348049,42.357063392451934,-32.34403722110389,-47.31168296083024,110013.02617134804,15,10,-13.642815309067071,3.713231170103448,14.445861132594809,-0.86208963004818
70.0,75.0,85.0,10.0,25.0,30.0,625.992258023248,370.0501494768311,255.942108546417,-62.6195637457265,725992.258023248,45,45,594.6824761503848,25.870013299480643,19.677088727559887,421.8993113127158,216.0207772795217,205.8785340331941,-62.6195637457265,521899.31131271576,30,32,390.5895294398525,31.728486979154336,21.15545826848697,0.4804998441047647,42.357063392451934,-41.87656354834717,-44.39724486254845,100480.49984410476,12,9,-21.71812258716946,0.1833082533887031,14.445861132594809,-0.8640489522402832
65.0,75.0,85.0,10.0,25.0,30.0,496.5663805212725,370.0501494768311,126.51623104444144,-64.90721926040189,596566.3805212725,62,45,464.11277089107153,23.034021629290223,19.677088727559887,325.3738197445049,216.0207772795217,109.3530424649832,-64.90721926040189,425373.8197445049,38,32,292.9202101143039,27.31128558873783,21.15545826848697,4.612123035535065,42.357063392451934,-37.74494035691687,-45.80377577149672,104612.12303553506,16,9,-18.28976485021329,1.7376069672988548,14.445861132594809,-0.8778481571768117
65.0,70.0,75.0,15.0,25.0,35.0,254.67026213780576,370.0501494768311,-115.37988733902527,-67.19983611744277,354670.2621378057,59,69,221.0703440790844,15.828189337006894,19.677088727559887,170.30069829813957,216.0207772795217,-45.72007898138213,-67.19983611744277,270300.6982981396,33,53,136.70078023941818,18.03853902807111,21.15545826848697,12.481485819089013,42.357063392451934,-29.875577573362925,-45.94377531317503,112481.485819089,11,12,-10.490401837498505,4.596236426044853,14.445861132594809,-0.8882882752930883
70.0,80.0,90.0,20.0,25.0,35.0,435.3964100744856,370.0501494768311,65.34626059765452,-59.45450231294058,535396.4100744856,47,73,405.6691589180153,21.49885883291597,19.677088727559887,355.9579147299601,216.0207772795217,139.93713745043843,-59.45450231294058,455957.91472996015,34,57,326.23066357348984,28.794113110919017,21.15545826848697,-0.2463035485463893,42.357063392451934,-42.60336694099832,-36.97339445530924,99753.6964514536,13,12,-18.73300077620101,-0.0941746065387327,14.445861132594809,-0.8889025441162581
65.0,85.0,90.0,20.0,25.0,30.0,623.3640497991929,370.0501494768311,253.31390032236183,-60.09669708531513,723364.0497991929,62,51,593.3157012565354,25.817042145262104,19.677088727559887,442.2322348825211,216.0207772795217,226.2114576029994,-60.09669708531513,542232.2348825211,42,37,412.18388633986353,32.57084764814942,21.15545826848697,-2.0850225765766672,42.357063392451934,-44.44208596902861,-39.997419525945496,97914.97742342332,14,10,-22.08373233954941,-0.8017954267567906,14.445861132594809,-0.8959116768755417
70.0,80.0,85.0,10.0,25.0,35.0,463.93564669261895,370.0501494768311,93.8854972157879,-61.30862248710879,563935.646692619,45,67,433.28133544906456,22.2334001562581,19.677088727559887,360.514181850382,216.0207772795217,144.4934045708603,-61.30862248710879,460514.181850382,32,52,329.8598706068276,29.00787278449417,21.15545826848697,0.0162881605874076,42.357063392451934,-42.34077523186453,-38.14859038881352,100016.2881605874,12,11,-19.05800703381935,0.0062227523870195,14.445861132594809,-0.8984119194499158
65.0,75.0,85.0,10.0,15.0,30.0,573.8075569218737,370.0501494768311,203.75740744504265,-68.80085176720003,673807.5569218737,56,34,539.4071310382736,24.78497341333279,19.677088727559887,356.6490250678422,216.0207772795217,140.62824778832052,-68.80085176720003,456649.0250678422,32,21,322.2485991842422,28.826651097599544,21.15545826848697,3.9586292307167694,42.357063392451934,-38.39843416173517,-47.48235060344834,103958.62923071676,15,9,-19.7825460710074,1.4943229634479138,14.445861132594809,-0.9007671411027436
65.0,75.0,80.0,20.0,30.0,35.0,253.10649496615247,370.0501494768311,-116.94365451067851,-64.92981162594256,353106.49496615253,64,75,220.6415891531813,15.768800764728974,19.677088727559887,188.05127726632404,216.0207772795217,-27.96950001319766,-64.92981162594256,288051.27726632403,40,58,155.58637145335274,19.29733768133948,21.15545826848697,9.993009123938212,42.357063392451934,-32.364054268513726,-42.97036445230344,109993.0091239382,15,14,-11.492173102213506,3.706020978256164,14.445861132594809,-0.9178274996149028
65.0,80.0,85.0,10.0,25.0,35.0,392.71963315625584,370.0501494768311,22.669483679424783,-64.10565424687411,492719.6331562558,63,67,360.6668060328188,20.33311550102408,19.677088727559887,291.8695011050729,216.0207772795217,75.84872382555122,-64.10565424687411,391869.5011050729,42,52,259.81667398163586,25.581197746002005,21.15545826848697,4.54570267112222,42.357063392451934,-37.81136072132971,-42.61599184377398,104545.7026711222,15,11,-16.76229325076477,1.7129228099931115,14.445861132594809,-0.9211320352004372
70.0,80.0,90.0,10.0,15.0,35.0,518.3787586160502,370.0501494768311,148.3286091392191,-60.476913919150576,618378.7586160502,44,53,488.1403016564749,23.54788430638539,19.677088727559887,390.2939654905337,216.0207772795217,174.273188211012,-60.476913919150576,490293.96549053374,31,39,360.05550853095843,30.363169415309187,21.15545826848697,-0.6857647434494685,42.357063392451934,-43.0428281359014,-39.50885936488676,99314.23525655051,12,10,-20.440194425892848,-0.2625609341902368,14.445861132594809,-0.938088887169455
75.0,80.0,85.0,20.0,25.0,30.0,638.8318267692501,370.0501494768311,268.7816772924191,-61.78662576070805,738831.8267692501,34,51,607.9385138888961,26.12638125885169,19.677088727559887,483.6492295554085,216.0207772795217,267.62845227588684,-61.78662576070805,583649.2295554085,26,37,452.7559166750545,34.208321977073595,21.15545826848697,-6.361262521082467,42.357063392451934,-48.7183259135344,-32.81862130933387,93638.73747891754,8,10,-22.7705731757494,-2.479866274943232,14.445861132594809,-0.9412830407507312
70.0,85.0,90.0,15.0,20.0,25.0,963.8458443264212,370.0501494768311,593.7956948495901,-53.21687875067438,1063845.8443264212,41,33,937.237404951084,31.57777482505597,19.677088727559887,680.1708594888288,216.0207772795217,464.15008220930713,-53.21687875067438,780170.8594888288,29,23,653.5624201134916,40.86403861836754,21.15545826848697,-9.065287558194546,42.357063392451934,-51.42235095064648,-39.11007790999439,90934.71244180546,10,7,-28.620326513191745,-3.565542712222613,14.445861132594809,-0.9449750567895904
65.0,70.0,80.0,20.0,25.0,35.0,268.48568074402385,370.0501494768311,-101.5644687328072,-65.01779372451209,368485.6807440239,62,73,235.9767838817678,16.34304573558536,19.677088727559887,183.45606690628568,216.0207772795217,-32.56471037323601,-65.01779372451209,283456.0669062857,36,57,150.94717004402963,18.97780335053263,21.15545826848697,11.036040675408907,42.357063392451934,-31.321022717043025,-45.06213773950471,111036.0406754089,12,12,-11.495028194343444,4.080649517530532,14.445861132594809,-0.947403143968061
70.0,75.0,85.0,10.0,15.0,25.0,871.3190187296019,370.0501494768311,501.26886925277086,-65.42065876751674,971319.018729602,42,27,838.6086893458436,30.19553826457686,19.677088727559887,543.519275077234,216.0207772795217,327.4984977977124,-65.42065876751674,643519.275077234,27,18,510.80894569347566,36.41199532930366,21.15545826848697,-1.8734403107780409,42.357063392451934,-44.23050370322998,-48.83321669393895,98126.55968922196,11,6,-26.29004865774752,-0.7199533642328948,14.445861132594809,-0.9580645168035078
65.0,75.0,85.0,10.0,20.0,25.0,689.4930804017225,370.0501494768311,319.44293092489147,-66.27962962237845,789493.0804017226,60,31,656.3532655905333,27.100969876834125,19.677088727559887,455.2652950841656,216.0207772795217,239.24451780464395,-66.27962962237845,555265.2950841656,36,22,422.1254802729764,33.0970440538241,21.15545826848697,1.1449710987169182,42.357063392451934,-41.21209229373502,-49.77137499611543,101144.97109871692,14,6,-23.7407163993408,0.4359103859920443,14.445861132594809,-0.9635591644708555
65.0,80.0,90.0,10.0,20.0,35.0,476.0870123054346,370.0501494768311,106.03686282860356,-62.62901879888814,576087.0123054346,63,58,444.7725029059905,22.536216157208862,19.677088727559887,358.23933937758125,216.0207772795217,142.21856209805955,-62.62901879888814,458239.33937758126,42,44,326.92482997813715,28.90136871841682,21.15545826848697,2.238065804251921,42.357063392451934,-40.11899758820002,-44.06816930545323,102238.06580425192,15,10,-19.79601884847469,0.8492344500186988,14.445861132594809,-0.9637130208687676
75.0,80.0,90.0,15.0,20.0,30.0,730.5082056544286,370.0501494768311,360.4580561775976,-60.659849678864575,830508.2056544286,34,41,700.1782808149964,27.85029605749778,19.677088727559887,529.3594256375313,216.0207772795217,313.33864835800966,-60.659849678864575,629359.4256375313,26,27,499.02950079809904,35.90673795440977,21.15545826848697,-7.218691509098052,42.357063392451934,-49.57575490154999,-34.24858867404086,92781.30849090197,8,10,-24.34298584611848,-2.82200503454213,14.445861132594809,-0.9669867754934788
70.0,80.0,85.0,10.0,15.0,35.0,524.185943671028,370.0501494768311,154.13579419419693,-63.97070473967253,624185.9436710279,42,53,492.2005913011917,23.6819890687318,19.677088727559887,385.6462064059671,216.0207772795217,169.62542912644545,-63.97070473967253,485646.2064059671,29,39,353.66085403613084,30.15624591796884,21.15545826848697,-0.6867705297631033,42.357063392451934,-43.04383392221504,-39.50947197758211,99313.2294702369,12,10,-20.44150651855416,-0.2629468442705063,14.445861132594809,-0.9797856894592334
70.0,80.0,90.0,10.0,25.0,35.0,446.9659599105752,370.0501494768311,76.91581043374418,-59.45450231294058,546965.9599105753,47,67,417.23870875410495,21.80071143106761,19.677088727559887,351.7481067203982,216.0207772795217,135.7273294408765,-59.45450231294058,451748.1067203982,34,52,322.0208555639279,28.595019915192463,21.15545826848697,0.0172939469010202,42.357063392451934,-42.339769445550914,-38.14796839711188,100017.29394690102,12,11,-19.05669025165492,0.0066069839133042,14.445861132594809,-0.9806705436480088
65.0,70.0,80.0,15.0,30.0,35.0,223.7371963957972,370.0501494768311,-146.31295308103384,-66.73259746332796,323737.1963957972,60,70,190.3708976641332,14.607870101323805,19.677088727559887,140.5154540709929,216.0207772795217,-75.50532320852881,-66.73259746332796,240515.45407099288,34,53,107.1491553393289,15.762351633544004,21.15545826848697,12.736207528041078,42.357063392451934,-29.620855864410856,-43.06578147267034,112736.20752804108,12,14,-8.796683208294091,4.686670001557469,14.445861132594809,-0.9969445460648396
75.0,80.0,90.0,20.0,25.0,30.0,618.2354184395615,370.0501494768311,248.18526896273045,-59.51040449446542,718235.4184395615,36,51,588.4802161923288,25.713183574950023,19.677088727559887,475.5984881221648,216.0207772795217,259.5777108426431,-59.51040449446542,575598.4881221649,28,37,445.8432858749321,33.897780777360566,21.15545826848697,-6.360256734768843,42.357063392451934,-48.71732012722077,-32.817902806547,93639.74326523115,8,10,-22.76920813804234,-2.4794660765402043,14.445861132594809,-1.0030593014526814
65.0,85.0,90.0,10.0,25.0,30.0,626.2881927011919,370.0501494768311,256.2380432243608,-60.09669708531513,726288.1927011919,62,45,596.2398441585343,25.87596719762395,19.677088727559887,418.28162422221135,216.0207772795217,202.26084694268965,-60.09669708531513,518281.6242222113,42,32,388.2332756795538,31.57575577363272,21.15545826848697,-1.3831030594576577,42.357063392451934,-43.7401664519096,-40.90319351874744,98616.89694054234,14,9,-21.83469981883137,-0.5307044523870208,14.445861132594809,-1.0092983177187254
65.0,70.0,85.0,10.0,20.0,35.0,279.2646223914376,370.0501494768311,-90.78552708539348,-66.73391996125943,379264.6223914376,56,58,245.89766241080787,16.73302397113514,19.677088727559887,199.810342987745,216.0207772795217,-16.210434291776693,-66.73391996125943,299810.342987745,31,44,166.4433830071153,20.096090431326765,21.15545826848697,10.778247786459303,42.357063392451934,-31.57881560599263,-47.37910497538186,110778.2477864593,14,10,-12.911304701231623,3.98826033888815,14.445861132594809,-1.0154954175144977
65.0,70.0,80.0,25.0,30.0,35.0,212.3873558989264,370.0501494768311,-157.6627935779047,-63.758640348996856,312387.3558989264,62,81,180.508035724428,14.13413836269557,19.677088727559887,137.78703422686567,216.0207772795217,-78.23374305265602,-63.758640348996856,237787.03422686568,36,64,105.90771405236724,15.54229037246797,21.15545826848697,12.311463984537196,42.357063392451934,-30.045599407914736,-41.8685793996554,112311.4639845372,13,14,-8.622825715290505,4.535803309981468,14.445861132594809,-1.019299940502954
70.0,85.0,90.0,10.0,15.0,30.0,839.7728268285116,370.0501494768311,469.72267735168055,-56.00235309148793,939772.8268285115,41,34,811.7716502827676,29.697580438583127,19.677088727559887,560.9137594485171,216.0207772795217,344.89298216899545,-56.00235309148793,660913.7594485171,29,21,532.9125829027731,37.02014499213162,21.15545826848697,-7.198512598265571,42.357063392451934,-49.55557599071751,-37.1233502133408,92801.48740173444,11,9,-25.760187704935973,-2.8139306707329226,14.445861132594809,-1.026533185403118
70.0,75.0,90.0,10.0,20.0,25.0,878.8281152753876,370.0501494768311,508.7779657985566,-61.75267111574756,978828.1152753877,44,31,847.9517797175139,30.311960554547547,19.677088727559887,595.5505077249571,216.0207772795217,379.52973044543546,-61.75267111574756,695550.5077249571,29,22,564.6741721670834,38.19243465469269,21.15545826848697,-3.539651094322472,42.357063392451934,-45.89671448677441,-48.88938270784355,96460.34890567751,11,6,-27.98434244824425,-1.3674405495715525,14.445861132594809,-1.0284599235862892
75.0,80.0,85.0,15.0,20.0,30.0,733.4148927205752,370.0501494768311,363.3647432437441,-64.69957210203245,833414.8927205751,32,41,701.0651066695589,27.902149636878647,19.677088727559887,517.8293680539148,216.0207772795217,301.8085907743931,-64.69957210203245,617829.3680539147,24,27,485.47958200289855,35.48827282472815,21.15545826848697,-7.219697295411676,42.357063392451934,-49.57676068786361,-34.24930004895913,92780.30270458832,8,10,-24.34434731989124,-2.822407516993708,14.445861132594809,-1.0510125525151548
80.0,85.0,90.0,10.0,15.0,35.0,562.8735810351496,370.0501494768311,192.8234315583186,-40.52025855346384,662873.5810351496,21,53,542.6134517584177,24.548254210852072,19.677088727559887,458.98056833357447,216.0207772795217,242.9597910540528,-40.52025855346384,558980.5683335745,17,39,438.72043905684257,33.24515849060443,21.15545826848697,-10.537699721177995,42.357063392451934,-52.89476311362993,-21.22737370761245,89462.300278822,4,9,-21.151386574984222,-4.165127541822722,14.445861132594809,-1.0702108013440892
65.0,75.0,90.0,10.0,20.0,30.0,592.4025063120819,370.0501494768311,222.3523568352508,-64.19326240069063,692402.5063120819,61,39,560.3058751117366,25.179863635959123,19.677088727559887,394.895498373029,216.0207772795217,178.8747210935073,-64.19326240069063,494895.498373029,37,26,362.7988671726837,30.56643099687681,21.15545826848697,1.765589468687323,42.357063392451934,-40.59147392376461,-47.51073886777528,101765.58946868732,15,9,-21.98977996520032,0.6709171051608065,14.445861132594809,-1.0908637955666027
65.0,70.0,75.0,15.0,20.0,35.0,274.3033149405475,370.0501494768311,-95.74683453628352,-67.98847726015049,374303.3149405475,59,60,240.30907631047228,16.554759252659814,19.677088727559887,191.77949248743263,216.0207772795217,-24.24128479208904,-67.98847726015049,291779.49248743267,32,45,157.78525385735742,19.55347825304965,21.15545826848697,10.728000394036188,42.357063392451934,-31.629062998415748,-46.978016190170734,110728.0003940362,10,11,-12.76100770104918,3.9702369457001785,14.445861132594809,-1.0956241802209885
65.0,85.0,90.0,10.0,15.0,25.0,862.4052953771449,370.0501494768311,492.3551459003138,-62.71467750855175,962405.2953771448,60,27,831.0479566228689,30.05630118126419,19.677088727559887,532.1062667879416,216.0207772795217,316.08548950842,-62.71467750855175,632106.2667879417,40,18,500.7489280336658,36.00548716036545,21.15545826848697,-3.478418569359143,42.357063392451934,-45.83548196181108,-45.377059581216,96521.58143064086,14,6,-26.166948359967144,-1.3435238737667057,14.445861132594809,-1.099071270515831
70.0,75.0,90.0,10.0,20.0,30.0,740.158238304004,370.0501494768311,370.108088827173,-61.75267111574756,840158.2383040041,44,39,709.2819027461303,28.02183402667795,19.677088727559887,505.53348055447486,216.0207772795217,289.5127032749532,-61.75267111574756,605533.4805544749,29,26,474.65714499660106,35.034781270789075,21.15545826848697,-2.383081884541627,42.357063392451934,-44.74014527699356,-46.20658952329195,97616.91811545838,12,9,-25.486376646187605,-0.9172732657317662,14.445861132594809,-1.09910254741599
75.0,80.0,85.0,10.0,25.0,30.0,663.4391774005263,370.0501494768311,293.38902792369527,-61.78662576070805,763439.1774005264,34,45,632.5458645201722,26.606900534729206,19.677088727559887,471.4873749204446,216.0207772795217,255.4665976409229,-61.78662576070805,571487.3749204446,26,32,440.5940620400906,33.737804611746334,21.15545826848697,-6.266947060318362,42.357063392451934,-48.62401045277029,-33.87114751057815,93733.05293968164,8,9,-23.20252081560744,-2.4423500733811387,14.445861132594809,-1.1162536029252508
65.0,70.0,75.0,10.0,25.0,35.0,240.6141388254105,370.0501494768311,-129.4360106514206,-68.34177791968537,340614.13882541045,58,67,206.4432498655678,15.285837347664645,19.677088727559887,164.81320809956932,216.0207772795217,-51.20756917995237,-68.34177791968537,264813.2080995693,33,52,130.64231913972662,17.635450827914333,21.15545826848697,12.22663259456944,42.357063392451934,-30.130430797882493,-46.86472185880788,112226.63259456944,10,11,-11.205728334834497,4.5056294222933335,14.445861132594809,-1.1198951223262152
65.0,80.0,85.0,10.0,15.0,35.0,407.07576153085137,370.0501494768311,37.02561205402032,-66.27144420790012,507075.7615308514,59,53,373.9400394269013,20.73489587327739,19.677088727559887,287.0612475146908,216.0207772795217,71.04047023516907,-66.27144420790012,387061.24751469074,38,39,253.9255254107407,25.32288388229493,21.15545826848697,4.331949456807549,42.357063392451934,-38.025113935644384,-43.78890865635199,104331.94945680756,15,10,-17.562504871368443,1.6334187143179024,14.445861132594809,-1.1417641513885368
70.0,85.0,90.0,10.0,15.0,25.0,1008.5033559042744,370.0501494768311,638.4532064274433,-55.842330867012976,1108503.3559042744,41,27,980.5821904707678,32.20723584464385,19.677088727559887,658.8514281674043,216.0207772795217,442.8306508878826,-55.842330867012976,758851.4281674043,29,18,630.9302627338977,40.21460961252714,21.15545826848697,-8.935470389838285,42.357063392451934,-51.29253378229022,-40.16106617113312,91064.52961016171,10,6,-29.016003475404844,-3.5129681635434173,14.445861132594809,-1.145786227430067
65.0,70.0,80.0,10.0,20.0,35.0,279.8475609029626,370.0501494768311,-90.20258857386848,-68.28757351214682,379847.5609029626,58,58,245.7037741468892,16.753834005284496,19.677088727559887,189.93682996831728,216.0207772795217,-26.08394731120441,-68.28757351214682,289936.8299683173,32,44,155.79304321224387,19.42722432243782,21.15545826848697,10.75314147456563,42.357063392451934,-31.603921917886304,-47.44735894195002,110753.14147456564,12,10,-12.97053799640938,3.97925550954017,14.445861132594809,-1.1619471750252892
75.0,80.0,90.0,10.0,25.0,30.0,640.4631341159209,370.0501494768311,270.4129846390898,-59.51040449446542,740463.1341159209,36,45,610.7079318686882,26.15867112088297,19.677088727559887,463.08762075052783,216.0207772795217,247.0668434710061,-59.51040449446542,563087.6207505278,28,32,433.3324185032951,33.407940207820786,21.15545826848697,-6.265941274004739,42.357063392451934,-48.62300466645667,-33.87043995871678,93734.05872599526,8,9,-23.20116125336313,-2.4419501238595376,14.445861132594809,-1.181895761335182
70.0,85.0,90.0,10.0,20.0,30.0,805.3254412534566,370.0501494768311,435.2752917766255,-53.20486861750216,905325.4412534566,41,39,778.7230069447055,29.136659361227068,19.677088727559887,578.4014514315745,216.0207772795217,362.3806741520529,-53.20486861750216,678401.4514315745,29,26,551.7990171228234,37.61825498758964,21.15545826848697,-8.269287723228302,42.357063392451934,-50.62635111568024,-37.3173167186439,91730.7122767717,11,9,-26.927946082550253,-3.243897413579133,14.445861132594809,-1.205786219691861
65.0,85.0,90.0,10.0,15.0,30.0,680.5111180448774,370.0501494768311,310.4609685680464,-63.09810662430843,780511.1180448774,59,34,648.9620647327232,26.932291599543625,19.677088727559887,427.799430209351,216.0207772795217,211.7786529298293,-63.09810662430843,527799.430209351,39,21,396.2503768971968,31.975695628205504,21.15545826848697,-1.998574850707635,42.357063392451934,-44.35563824315957,-42.174165127846976,98001.42514929236,14,9,-23.08565741463112,-0.7683434211991691,14.445861132594809,-1.210872837442018
65.0,85.0,90.0,10.0,20.0,25.0,877.0943676898099,370.0501494768311,507.0442182129789,-60.96632512949303,977094.36768981,61,31,846.6112051250634,30.285150517060444,19.677088727559887,580.6632551267901,216.0207772795217,364.6424778472684,-60.96632512949303,680663.2551267901,41,22,550.1800925620436,37.69467161691633,21.15545826848697,-5.156634789783809,42.357063392451934,-47.51369818223574,-45.632385204024594,94843.3652102162,14,6,-27.972827391796105,-2.002440142853623,14.445861132594809,-1.21506251639301
65.0,70.0,80.0,10.0,30.0,35.0,214.7099522882125,370.0501494768311,-155.34019718861856,-67.84607055371237,314709.9522882125,60,68,180.7869170113563,14.2323055934648,19.677088727559887,135.93972206829633,216.0207772795217,-80.08105521122536,-67.84607055371237,235939.7220682964,34,52,102.01668679144016,15.3920975317569,21.15545826848697,12.480370019195352,42.357063392451934,-29.876693373256582,-43.96925690435961,112480.37001919535,12,13,-9.504258432984454,4.595840006560148,14.445861132594809,-1.2203824063394464
70.0,75.0,85.0,10.0,15.0,30.0,684.3754035000482,370.0501494768311,314.3252540232171,-65.40100939589222,784375.4035000481,42,34,651.674898802102,27.005070804536977,19.677088727559887,435.1611390109577,216.0207772795217,219.140361731436,-65.40100939589222,535161.1390109577,27,21,402.4606343130116,32.28093477665763,21.15545826848697,-0.8393266633304197,42.357063392451934,-43.19639005578235,-45.974039276641086,99160.67333666958,12,9,-23.826346301650965,-0.3215090838021295,14.445861132594809,-1.239370103322928
80.0,85.0,90.0,15.0,20.0,35.0,520.6664141096261,370.0501494768311,150.61626463279504,-36.87867750277366,620666.4141096261,21,60,502.2270753582392,23.600845264574268,19.677088727559887,439.3557136929508,216.0207772795217,223.33493641342912,-36.87867750277366,539355.7136929508,17,45,420.916374941564,32.45329341335064,21.15545826848697,-10.705523477833731,42.357063392451934,-53.06258687028567,-20.9211755809766,89294.47652216627,4,10,-21.16611126832204,-4.2338535593730136,14.445861132594809,-1.2426359155389537
65.0,85.0,90.0,10.0,20.0,30.0,705.179866209809,370.0501494768311,335.12971673297795,-60.96455532647514,805179.866209809,61,39,674.6975885465714,27.391535773016763,19.677088727559887,473.31115791296565,216.0207772795217,257.290380633444,-60.96455532647514,573311.1579129656,41,26,442.82888024972806,33.80889160685361,21.15545826848697,-3.508920429466922,42.357063392451934,-45.86598382191885,-42.374708074875365,96491.07957053308,14,9,-24.696274466904605,-1.3554363551811055,14.445861132594809,-1.2458983435034954
70.0,75.0,85.0,10.0,20.0,25.0,843.6283907321476,370.0501494768311,473.5782412553166,-65.42065876751674,943628.3907321476,43,31,810.9180613483893,29.75922634005459,19.677088727559887,562.8076500707887,216.0207772795217,346.786872791267,-65.42065876751674,662807.6500707887,28,22,530.0973206870303,37.08555177074966,21.15545826848697,-3.539651094322472,42.357063392451934,-45.89671448677441,-48.88938270784355,96460.34890567751,11,6,-27.98434244824425,-1.3674405495715525,14.445861132594809,-1.2498365003748952
70.0,85.0,90.0,10.0,15.0,20.0,1133.0215121708911,370.0501494768311,762.9713626940601,-58.912825597417,1233021.5121708913,39,18,1103.5650993721829,33.85088175779454,19.677088727559887,746.0057229892375,216.0207772795217,529.9849457097158,-58.912825597417,846005.7229892375,27,10,716.549310190529,42.780231360926194,21.15545826848697,-10.804967041397727,42.357063392451934,-53.16203043384967,-41.56129883969905,89195.03295860227,10,5,-31.58561646124725,-4.274614662294873,14.445861132594809,-1.267755368795295
75.0,80.0,90.0,15.0,20.0,25.0,868.8129343427211,370.0501494768311,498.76278486589,-60.66200477000518,968812.934342721,34,33,838.4819319577184,30.156506414657724,19.677088727559887,614.9562028384966,216.0207772795217,398.9354255589749,-60.66200477000518,714956.2028384965,26,23,584.625200453494,38.82811500174954,21.15545826848697,-9.417694427805513,42.357063392451934,-51.77475782025745,-37.68374606661533,90582.30557219448,8,7,-28.25956746111317,-3.708497936736354,14.445861132594809,-1.3024474917092177
75.0,80.0,90.0,10.0,15.0,30.0,749.1048538163953,370.0501494768311,379.0547043395643,-60.659849678864575,849104.8538163954,33,34,718.7749289769631,28.179319336166664,19.677088727559887,498.9881887052841,216.0207772795217,282.9674114257624,-60.659849678864575,598988.188705284,25,21,468.6582638658518,34.7902429706008,21.15545826848697,-7.218308078979419,42.357063392451934,-49.57537147143135,-35.422603735319115,92781.69192102058,8,9,-24.929609946638976,-2.8218515991869864,14.445861132594809,-1.3075875454022543
70.0,85.0,90.0,10.0,20.0,25.0,952.891799849648,370.0501494768311,582.841650372817,-53.21687875067438,1052891.799849648,41,31,926.2833604743108,31.419811402283223,19.677088727559887,673.6047065403574,216.0207772795217,457.5839292608357,-53.21687875067438,773604.7065403573,29,22,646.9962671650202,40.665614036069655,21.15545826848697,-9.969528531082917,42.357063392451934,-52.32659192353485,-40.29496629159988,90030.47146891708,10,6,-30.117011676882854,-3.933043687169835,14.445861132594809,-1.3420244451254124
65.0,70.0,75.0,10.0,20.0,35.0,256.90457435449025,370.0501494768311,-113.1455751223408,-69.17586537852856,356904.57435449027,58,58,222.316641665226,15.912643435717056,19.677088727559887,185.2059445900557,216.0207772795217,-30.81483268946596,-69.17586537852856,285205.94459005573,32,44,150.61801190079146,19.099988888323693,21.15545826848697,10.447475580505603,42.357063392451934,-31.90958781194633,-47.91387360421171,110447.4755805056,9,10,-13.50946122160025,3.869521640691565,14.445861132594809,-1.345372742825878
70.0,80.0,90.0,10.0,20.0,35.0,500.86558386668025,370.0501494768311,130.8154343898492,-60.476913919150576,600865.5838666803,45,58,470.627126907105,23.136603045459324,19.677088727559887,396.84270787971656,216.0207772795217,180.8219306001949,-60.476913919150576,496842.7078797165,32,44,366.6042509201413,30.65197036863403,21.15545826848697,-2.428799298435169,42.357063392451934,-44.7858626908871,-39.82380628874822,97571.20070156484,12,10,-22.34070244280928,-0.93500493816131,14.445861132594809,-1.3489119914718302
75.0,80.0,85.0,15.0,20.0,25.0,876.2261870850244,370.0501494768311,506.1760376081934,-64.72041628160868,976226.1870850244,32,33,843.86597894422,30.27170948611293,19.677088727559887,605.1158118320811,216.0207772795217,389.0950345525594,-64.72041628160868,705115.8118320812,24,23,572.7556036912767,38.50759093720788,21.15545826848697,-9.418700214119148,42.357063392451934,-51.77576360657108,-37.684437999051,90581.29978588084,8,7,-28.260919213644648,-3.708906429281067,14.445861132594809,-1.3668870180151784
65.0,85.0,90.0,10.0,15.0,20.0,987.5219779787222,370.0501494768311,617.4718285018912,-63.86040835755096,1087521.9779787222,55,18,955.5917737999468,31.91434414377847,19.677088727559887,624.9969349596844,216.0207772795217,408.9761576801627,-63.86040835755096,724996.9349596844,35,10,593.0667307809089,39.15139792504825,21.15545826848697,-6.288164031228282,42.357063392451934,-48.64522742368022,-47.16946082400688,93711.83596877172,14,5,-29.87289444323172,-2.45078759029953,14.445861132594809,-1.3688506576046948
80.0,85.0,90.0,10.0,20.0,35.0,516.4098030685852,370.0501494768311,146.35965359175418,-38.67324821741982,616409.8030685852,21,58,497.07317895987535,23.502162634878854,19.677088727559887,435.01719084410144,216.0207772795217,218.9964135645797,-38.67324821741982,535017.1908441015,17,44,415.6805667353916,32.27499987391291,21.15545826848697,-10.922417026139788,42.357063392451934,-53.27948041859172,-21.30296055692445,89077.58297386022,4,9,-21.573897304602013,-4.322792635945283,14.445861132594809,-1.3742835207932589
70.0,85.0,90.0,15.0,30.0,35.0,441.00459256769386,370.0501494768311,70.95444309086281,-47.44586384912128,541004.5925676939,42,70,417.2816606431333,21.64589030227444,19.677088727559887,373.1306670062758,216.0207772795217,157.10988972675412,-47.44586384912128,473130.6670062758,30,53,349.40773508171515,29.590719889885243,21.15545826848697,-4.808789921566714,42.357063392451934,-47.16585331401865,-31.9195686486919,95191.21007843329,12,14,-20.768574245912664,-1.865277828633738,14.445861132594809,-1.3754157020230326
65.0,75.0,85.0,10.0,20.0,30.0,547.1559035064948,370.0501494768311,177.1057540296638,-66.63570839787745,647155.9035064948,59,39,513.8380493075562,24.20184884183374,19.677088727559887,362.88380480759577,216.0207772795217,146.86302752807407,-66.63570839787745,462883.8048075957,35,26,329.56595060865703,29.118349177653524,21.15545826848697,1.765589468687323,42.357063392451934,-40.59147392376461,-47.51073886777528,101765.58946868732,15,9,-21.98977996520032,0.6709171051608065,14.445861132594809,-1.3804801594112608
75.0,80.0,85.0,10.0,15.0,30.0,755.4552565915354,370.0501494768311,385.4051071147044,-64.69957210203245,855455.2565915354,31,34,723.1054705405193,28.290216438883164,19.677088727559887,489.1241065295845,216.0207772795217,273.10332925006287,-64.69957210203245,589124.1065295845,23,21,456.7743204785683,34.417471640342924,21.15545826848697,-7.219313865293053,42.357063392451934,-49.57637725774499,-35.42330360649974,92780.68613470696,8,9,-24.930965668542925,-2.822254080610753,14.445861132594809,-1.3824734114973412
70.0,80.0,85.0,10.0,20.0,35.0,504.9903794063751,370.0501494768311,134.94022992954405,-63.97070473967253,604990.3794063751,43,58,473.0050270365388,23.2344149603728,19.677088727559887,392.0624592173934,216.0207772795217,176.0416819378717,-63.97070473967253,492062.4592173934,30,44,360.0771068475571,30.441475646422944,21.15545826848697,-2.429805084748804,42.357063392451934,-44.78686847720074,-39.8244265987537,97570.1949152512,12,10,-22.34201838412565,-0.9353950939096524,14.445861132594809,-1.391326568151017
65.0,80.0,85.0,10.0,20.0,35.0,420.0866281581402,370.0501494768311,50.03647868130918,-66.27144420790012,520086.6281581402,61,58,386.95090605419017,21.09043328066761,19.677088727559887,313.70475466783336,216.0207772795217,97.68397738831166,-66.27144420790012,413704.7546678333,40,44,280.5690325638833,26.722038490280163,21.15545826848697,2.237405472618459,42.357063392451934,-40.11965791983347,-44.06853055599953,102237.40547261848,15,10,-19.796859805381303,0.8489855899119991,14.445861132594809,-1.3997769506200832
70.0,75.0,85.0,10.0,15.0,20.0,931.8249685793448,370.0501494768311,561.7748191025138,-68.40040881508098,1031824.9685793448,40,18,897.6247641718044,31.11188851221896,19.677088727559887,591.2373300881703,216.0207772795217,375.2165528086487,-68.40040881508098,691237.3300881704,25,10,557.0371256806299,38.04914203060845,21.15545826848697,-4.347423630434976,42.357063392451934,-46.70448702288691,-50.35123441617966,95652.57636956502,9,5,-29.523040838524807,-1.6838286949389047,14.445861132594809,-1.408955913725525
65.0,70.0,80.0,20.0,30.0,35.0,224.23379936457223,370.0501494768311,-145.8163501122588,-64.98443897818217,324233.7993645723,62,75,191.7415798754812,14.628260718924157,19.677088727559887,151.0344925128514,216.0207772795217,-64.98628476667028,-64.98443897818217,251034.49251285143,36,58,118.54227302376032,16.59176174844015,21.15545826848697,10.227004837914922,42.357063392451934,-32.130058554537015,-43.13054828998089,110227.00483791492,12,14,-11.33826930707552,3.7902562338488544,14.445861132594809,-1.4202081538272655
65.0,70.0,75.0,15.0,30.0,35.0,212.30224288081487,370.0501494768311,-157.74790659601618,-67.46595116660102,312302.2428808149,59,70,178.56926729751436,14.130528722676395,19.677088727559887,140.03666929123125,216.0207772795217,-75.98410798829045,-67.46595116660102,240036.6692912313,33,53,106.30369370793072,15.723886144215449,21.15545826848697,11.356899856392433,42.357063392451934,-31.000163536059503,-44.2830228973644,111356.89985639244,11,14,-10.784611592289766,4.195455762089284,14.445861132594809,-1.4456510420542763
70.0,75.0,85.0,25.0,30.0,35.0,352.1339297276073,370.0501494768311,-17.91621974922373,-61.61914251078937,452133.9297276073,48,81,321.3243584722126,19.138522805835656,19.677088727559887,289.59085057914405,216.0207772795217,73.57007329962235,-61.61914251078937,389590.8505791441,33,64,258.78127932374935,25.459112960443186,21.15545826848697,1.249119193765447,42.357063392451934,-41.10794419868649,-39.592292505733774,101249.11919376544,12,14,-18.54702705910144,0.4754097657179157,14.445861132594809,-1.4475625372870566
75.0,80.0,90.0,10.0,20.0,30.0,724.8977972820827,370.0501494768311,354.84764780525165,-60.659849678864575,824897.7972820826,34,39,694.5678724426505,27.74975440810101,19.677088727559887,521.4560309602422,216.0207772795217,305.4352536807205,-60.659849678864575,621456.0309602421,26,26,491.1261061208099,35.62059325150804,21.15545826848697,-8.357965744642248,42.357063392451934,-50.71502913709418,-35.67732339086894,91642.03425535776,8,9,-26.19662744007672,-3.2796445859174184,14.445861132594809,-1.46455489615057
70.0,75.0,85.0,10.0,20.0,30.0,671.1014449023744,370.0501494768311,301.05129542554334,-65.40100939589222,771101.4449023744,43,39,638.4009402044283,26.753730634853845,19.677088727559887,453.53341905148073,216.0207772795217,237.51264177195904,-65.40100939589222,553533.4190514807,28,26,420.83291435353465,33.02771810409557,21.15545826848697,-2.3831953492652214,42.357063392451934,-44.74025874171716,-46.206652049896654,97616.80465073478,12,9,-25.48652137421355,-0.9173172671024354,14.445861132594809,-1.500550034306097
70.0,75.0,85.0,15.0,25.0,35.0,453.32864909786383,370.0501494768311,83.27849962103278,-61.75267111574756,553328.6490978638,47,69,422.45231353999,21.9643182435197,19.677088727559887,346.6635281038781,216.0207772795217,130.64275082435643,-61.75267111574756,446663.5281038781,32,53,315.78719254600435,28.352484802841115,21.15545826848697,0.0506726487376374,42.357063392451934,-42.306390743714296,-43.25516684760521,100050.67264873764,12,12,-21.576910775064967,0.0193569958619299,14.445861132594809,-1.5316099034010051
65.0,85.0,90.0,15.0,30.0,35.0,369.3305507770818,370.0501494768311,-0.7195986997492696,-59.84845606525708,469330.5507770818,62,70,339.40632274445323,19.65581004659649,19.677088727559887,290.2633414204705,216.0207772795217,74.24256414094882,-59.84845606525708,390263.3414204705,42,53,260.339113387842,25.49520520159412,21.15545826848697,-0.3041760427568318,42.357063392451934,-42.66123943520876,-36.74404303080364,99695.82395724316,15,14,-18.67619755815865,-0.116323101052651,14.445861132594809,-1.5401455049647248
75.0,80.0,85.0,10.0,20.0,30.0,727.4362269531114,370.0501494768311,357.3860774762803,-64.69957210203245,827436.2269531114,32,39,695.0864409020951,27.795319119238894,19.677088727559887,510.15423795309874,216.0207772795217,294.133460673577,-64.69957210203245,610154.2379530987,24,26,477.8044519020825,35.206094270868185,21.15545826848697,-8.358971530955884,42.357063392451934,-50.71603492340782,-35.67802934276444,91641.02846904412,8,9,-26.197986202338104,-3.280050152991265,14.445861132594809,-1.5477889060660912
70.0,75.0,90.0,15.0,30.0,35.0,379.0321188244083,370.0501494768311,8.981969347577262,-61.37335203580287,479032.11882440833,47,70,348.34544280650687,19.94029261540556,19.677088727559887,301.9675545720231,216.0207772795217,85.94677729250142,-61.37335203580287,401967.5545720231,32,53,271.28087855412167,26.115211204125146,21.15545826848697,0.7273651460339092,42.357063392451934,-41.62969824641802,-40.65998812872039,100727.3651460339,12,14,-19.60262891832629,0.2772755231470691,14.445861132594809,-1.5518997085203772
75.0,80.0,85.0,15.0,30.0,35.0,403.8910781502482,370.0501494768311,33.840928673417125,-61.11058165440015,503891.07815024815,34,70,373.3357873230481,20.646643112200035,19.677088727559887,338.8626531684473,216.0207772795217,122.8418758889256,-61.11058165440015,438862.65316844726,26,53,308.30736234124726,27.97587155395372,21.15545826848697,-4.9804664966354935,42.357063392451934,-47.33752988908743,-30.071327207639587,95019.53350336452,8,13,-20.016130100455285,-1.932934618854509,14.445861132594809,-1.5575381387476095
70.0,75.0,90.0,15.0,25.0,35.0,443.7451005353281,370.0501494768311,73.694951058497,-61.40316589467212,543745.100535328,47,69,413.043517587992,21.71724962615009,19.677088727559887,343.0750529429031,216.0207772795217,127.0542756633814,-61.40316589467212,443075.0529429031,32,53,312.373469995567,28.17992558546156,21.15545826848697,0.0511882386071249,42.357063392451934,-42.30587515384481,-43.25487442517223,100051.18823860712,12,12,-21.57624897397899,0.0195539205026795,14.445861132594809,-1.565964503617131
75.0,80.0,90.0,10.0,15.0,20.0,1058.213967314212,370.0501494768311,688.1638178373811,-61.75267111574756,1158213.967314212,30,18,1027.3376317563384,32.88208414018321,19.677088727559887,699.6553038056315,216.0207772795217,483.6345265261099,-61.75267111574756,799655.3038056316,22,10,668.7789682477578,41.44476380362079,21.15545826848697,-11.457520060022386,42.357063392451934,-53.81458345247432,-40.32157737148358,88542.47993997761,7,5,-31.61830874576417,-4.542790135572339,14.445861132594809,-1.5851907910651837
65.0,75.0,90.0,15.0,25.0,35.0,353.23289766253714,370.0501494768311,-16.81725181429391,-61.75267111574756,453232.8976625372,67,69,322.35656210466334,19.172096376333634,19.677088727559887,262.4108046444985,216.0207772795217,46.39002736497682,-61.75267111574756,362410.8046444985,43,53,231.5344690866248,23.954993020253745,21.15545826848697,3.9930931511247936,42.357063392451934,-38.36397024132714,-44.69557662517144,103993.0931511248,16,12,-18.354695161460928,1.5071768285886078,14.445861132594809,-1.5880663464027611
70.0,75.0,90.0,25.0,30.0,35.0,335.373004809844,370.0501494768311,-34.67714466698703,-60.71954441909365,435373.0048098441,47,81,305.0132326002972,18.61732586223064,19.677088727559887,276.10353549496176,216.0207772795217,60.08275821544007,-60.71954441909365,376103.5354949618,32,64,245.74376328541493,24.724061201601177,21.15545826848697,1.2500960838784936,42.357063392451934,-41.10696730857344,-39.59170966913557,101250.0960838785,12,14,-18.54575875068929,0.475780143804827,14.445861132594809,-1.594273859639146
65.0,70.0,75.0,10.0,30.0,35.0,202.137610438656,370.0501494768311,-167.9125390381751,-68.57850026222872,302137.61043865595,59,68,167.84836030754158,13.693063465609168,19.677088727559887,135.2614140398159,216.0207772795217,-80.7593632397058,-68.57850026222872,235261.4140398159,33,52,100.97216390870152,15.33670275227923,21.15545826848697,11.338080047615785,42.357063392451934,-31.01898334483615,-45.06054090224645,111338.08004761576,11,13,-11.192190403507444,4.188727516045998,14.445861132594809,-1.6052128808578623
75.0,80.0,90.0,15.0,30.0,35.0,392.1463135523036,370.0501494768311,22.09616407547253,-59.14644080908376,492146.3135523036,36,70,362.5730931477617,20.31685630690594,19.677088727559887,333.3447861140084,216.0207772795217,117.3240088344867,-59.14644080908376,433344.7861140084,28,53,303.77156570946653,27.706095568611964,21.15545826848697,-4.97946071032187,42.357063392451934,-47.33652410277381,-30.07059325642417,95020.53928967813,8,13,-20.01475733853396,-1.9325380241426604,14.445861132594809,-1.6111621541317152
70.0,85.0,90.0,15.0,25.0,35.0,506.67487776293234,370.0501494768311,136.6247282861013,-47.66835824189898,606674.8777629323,42,69,482.8406986419829,23.27419028918276,19.677088727559887,415.1241797118939,216.0207772795217,199.10340243237212,-47.66835824189898,515124.1797118939,30,53,391.2900005909444,31.44172736170656,21.15545826848697,-6.142374036592302,42.357063392451934,-48.49943742904424,-34.55182637133877,93857.6259634077,12,12,-23.41828722226169,-2.392833946829576,14.445861132594809,-1.6113514567507503
75.0,80.0,85.0,25.0,30.0,35.0,359.0997520845531,370.0501494768311,-10.950397392277978,-59.707494695611565,459099.75208455307,36,81,329.2460047367473,19.35012110004393,19.677088727559887,311.9339630680062,216.0207772795217,95.91318578848453,-59.707494695611565,411933.9630680062,28,64,282.08021572020044,26.6314128715748,21.15545826848697,-4.641567605939079,42.357063392451934,-46.998630998391015,-29.10124671140203,95358.43239406092,8,13,-19.19219096164009,-1.799448889899702,14.445861132594809,-1.642656101779011
70.0,75.0,85.0,15.0,30.0,35.0,370.1977643159748,370.0501494768311,0.1476148391437277,-61.75267111574756,470197.7643159748,47,70,339.321428758101,19.68145016903806,19.677088727559887,293.3502246554979,216.0207772795217,77.32944737597623,-61.75267111574756,393350.22465549794,32,53,262.4738890976241,25.66021476096687,21.15545826848697,0.726518191555714,42.357063392451934,-41.63054520089622,-40.6604870823932,100726.5181915557,12,14,-19.60372534964088,0.2769533802341017,14.445861132594809,-1.6431582854127416
65.0,70.0,75.0,20.0,25.0,35.0,230.2107428408356,370.0501494768311,-139.83940663599552,-66.45484077110623,330210.74284083553,59,73,196.9833224552824,14.87153376531747,19.677088727559887,163.07024735288556,216.0207772795217,-52.950529926636136,-66.45484077110623,263070.24735288555,33,57,129.84282696733243,17.505963781061794,21.15545826848697,9.626644810526065,42.357063392451934,-32.730418581925875,-46.00036063127971,109626.64481052606,11,12,-13.373535505113791,3.573912132867463,14.445861132594809,-1.6649726470707236
65.0,85.0,90.0,25.0,30.0,35.0,319.7130740713449,370.0501494768311,-50.33707540548613,-59.08222910176681,419713.0740713449,62,81,290.17195952046154,18.1140834067949,19.677088727559887,260.3742603371252,216.0207772795217,44.35348305760348,-59.08222910176681,360374.2603371252,42,64,230.83314578624177,23.83854773703007,21.15545826848697,0.0989175068045522,42.357063392451934,-42.25814588564738,-35.68102342944923,100098.91750680454,16,14,-17.741594207920066,0.0377809446957089,14.445861132594809,-1.6650074080056607
65.0,75.0,90.0,15.0,30.0,35.0,287.94886175260655,370.0501494768311,-82.1012877242245,-61.75267111574756,387948.8617526066,65,70,257.07252619473275,17.040153815225658,19.677088727559887,220.0288202016862,216.0207772795217,4.008042922164492,-61.75267111574756,320028.8202016862,41,53,189.1524846438124,21.41038931787412,21.15545826848697,4.789876541138471,42.357063392451934,-37.567186851313465,-42.34854189033641,104789.87654113848,16,14,-16.384394404029734,1.8036188557658093,14.445861132594809,-1.6695962957300043
75.0,80.0,90.0,25.0,30.0,35.0,350.32817324639893,370.0501494768311,-19.72197623043212,-57.61722913173632,450328.1732463989,37,81,321.5195586805308,19.08319981853104,19.677088727559887,307.56185128875194,216.0207772795217,91.54107400923024,-57.61722913173632,407561.85128875193,29,64,278.7532367228838,26.40625879450769,21.15545826848697,-4.640561819625455,42.357063392451934,-46.99762521207739,-29.100506222792863,95359.43818037456,8,13,-19.19081493102189,-1.7990531667467555,14.445861132594809,-1.6873556482821026
75.0,80.0,90.0,10.0,15.0,25.0,902.3350143589712,370.0501494768311,532.2848648821403,-60.66200477000518,1002335.0143589712,33,27,872.0040119739688,30.67137992597516,19.677088727559887,587.9486683346993,216.0207772795217,371.9278910551776,-60.66200477000518,687948.6683346994,25,18,557.6176659496966,37.93938450545164,21.15545826848697,-9.749616447886622,42.357063392451934,-52.10667984033856,-39.01304102862508,90250.38355211336,8,6,-29.25613696219916,-3.8434580315297007,14.445861132594809,-1.7008471487854455
70.0,85.0,90.0,10.0,30.0,35.0,437.3609262522812,370.0501494768311,67.31077677545011,-47.44586384912128,537360.9262522812,42,68,413.63799432772055,21.55051742764212,19.677088727559887,369.50990915940497,216.0207772795217,153.48913187988327,-47.44586384912128,469509.9091594049,30,52,345.7869772348444,29.42478897589318,21.15545826848697,-5.551692163728406,42.357063392451934,-47.90875555618034,-32.93697393321071,94448.3078362716,12,13,-22.02017913033376,-2.1585968471056427,14.445861132594809,-1.7009997752800643
75.0,80.0,85.0,15.0,25.0,35.0,467.6840682040608,370.0501494768311,97.63391872722968,-61.17517204822293,567684.0682040608,34,69,437.0964821799493,22.32742223554307,19.677088727559887,379.49939674158566,216.0207772795217,163.47861946206396,-61.17517204822293,479499.3967415857,26,53,348.91181071747417,29.88003382328559,21.15545826848697,-6.049564237387751,42.357063392451934,-48.40662762983968,-32.80692679412292,93950.43576261224,8,11,-22.453027634449207,-2.355969674248748,14.445861132594809,-1.725238429535822
65.0,75.0,85.0,15.0,25.0,35.0,336.5676772181317,370.0501494768311,-33.482472258699374,-64.31090877620282,436567.67721813166,65,69,304.41222283003026,18.655057254833984,19.677088727559887,249.08569547228083,216.0207772795217,33.06491819275914,-64.31090877620282,349085.69547228084,41,53,216.9302410841794,23.18296521345826,21.15545826848697,3.992725336725278,42.357063392451934,-38.364338055726655,-44.69577223203972,103992.72533672529,16,12,-18.355160779294582,1.5070396602787417,14.445861132594809,-1.7425806278501
80.0,85.0,90.0,15.0,25.0,35.0,436.5955153576626,370.0501494768311,66.54536588083153,-35.43623163175725,536595.5153576626,21,69,418.877399541784,21.53041018996571,19.677088727559887,367.25139055224207,216.0207772795217,151.23061327272038,-35.43623163175725,467251.39055224205,17,53,349.53327473636347,29.320745578812367,21.15545826848697,-10.370448059324032,42.357063392451934,-52.72751145177597,-20.549593048154925,89629.55194067597,4,11,-20.645244583401496,-4.096715019418252,14.445861132594809,-1.7428471781938442
70.0,85.0,90.0,25.0,30.0,35.0,358.5473663431952,370.0501494768311,-11.502783133635887,-44.31215613473631,458547.3663431952,42,81,336.39128827582704,19.333445448686227,19.677088727559887,309.0489029197411,216.0207772795217,93.02812564021944,-44.31215613473631,409048.9029197412,30,64,286.892824852373,26.48306353423393,21.15545826848697,-4.234570437702545,42.357063392451934,-46.59163383015448,-30.84683414743904,95765.42956229746,12,14,-19.657987511422064,-1.639527419822251,14.445861132594809,-1.7429357573005428
65.0,85.0,90.0,15.0,25.0,35.0,447.51083558661327,370.0501494768311,77.46068610978222,-59.883379560305606,547510.8355866133,62,69,417.5691458064605,21.81478775637524,19.677088727559887,339.2747036811416,216.0207772795217,123.2539264016199,-59.883379560305606,439274.7036811416,42,53,309.3330139009888,27.995903642309,21.15545826848697,-1.8879909168828648,42.357063392451934,-44.2450543093348,-39.913314113821066,98112.00908311714,14,12,-21.8446479737934,-0.7255781853414023,14.445861132594809,-1.7529487299111803
75.0,80.0,85.0,10.0,15.0,25.0,913.3679960780933,370.0501494768311,543.3178466012621,-64.72041628160868,1013367.9960780932,31,27,881.0077879372888,30.83751088540833,19.677088727559887,579.8395886300765,216.0207772795217,363.8188113505548,-64.72041628160868,679839.5886300765,23,18,547.4793804892721,37.66686799400261,21.15545826848697,-9.750622234200256,42.357063392451934,-52.10768562665219,-39.01372069164952,90249.37776579974,8,6,-29.25748258002502,-3.84386745178964,14.445861132594809,-1.7556845405466597
65.0,75.0,85.0,25.0,30.0,35.0,258.4265406065242,370.0501494768311,-111.62360887030684,-62.16033867290726,358426.5406065242,68,81,227.3463712700706,15.969904590026363,19.677088727559887,204.26183328477435,216.0207772795217,-11.75894399474737,-62.16033867290726,304261.8332847744,44,64,173.1816639483207,20.39166244851851,21.15545826848697,4.723991331420252,42.357063392451934,-37.63307206103168,-41.19337782876566,104723.99133142026,16,14,-15.87269758296258,1.7791593014538476,14.445861132594809,-1.7737239737468244
70.0,85.0,90.0,15.0,20.0,35.0,570.6896665594786,370.0501494768311,200.6395170826476,-51.77570750475509,670689.6665594786,42,60,544.8018128071011,24.717819613592475,19.677088727559887,468.1175573349138,216.0207772795217,252.0967800553921,-51.77570750475509,568117.5573349139,30,45,442.2297035825363,33.6059578498094,21.15545826848697,-7.93452851860339,42.357063392451934,-50.29159191105532,-35.9297703549443,92065.4714813966,11,11,-25.89941369607554,-3.1091440978413765,14.445861132594809,-1.7819013556484071
65.0,75.0,90.0,25.0,30.0,35.0,257.5702673742544,370.0501494768311,-112.47988210257664,-61.75267111574756,357570.2673742544,68,81,226.69393181638063,15.937715404608907,19.677088727559887,203.52371225125924,216.0207772795217,-12.497065028262456,-61.75267111574756,303523.71225125925,44,64,172.64737669338547,20.34290264099232,21.15545826848697,4.724831419026598,42.357063392451934,-37.63223197342533,-41.192906086676494,104724.8314190266,16,14,-15.871621624311649,1.779471239614372,14.445861132594809,-1.7832260012388057
75.0,80.0,90.0,15.0,25.0,35.0,452.3049110992558,370.0501494768311,82.25476162242472,-59.198402310992826,552304.9110992558,36,69,422.70570994375936,21.938107017601016,19.677088727559887,372.3684248433128,216.0207772795217,156.34764756379107,-59.198402310992826,472368.4248433128,28,53,342.76922368781635,29.55587624637004,21.15545826848697,-6.048558451074126,42.357063392451934,-48.40562184352606,-32.806210591368234,93951.44154892588,8,11,-22.451663746758243,-2.3555702968209524,14.445861132594809,-1.7897387293153963
70.0,85.0,90.0,20.0,30.0,35.0,408.68844294473945,370.0501494768311,38.6382934679084,-47.44586384912128,508688.4429447394,42,75,384.9655110201789,20.77939918800635,19.677088727559887,353.5145821950525,216.0207772795217,137.49380491553083,-47.44586384912128,453514.5821950525,30,58,329.7916502704919,28.678748768836847,21.15545826848697,-5.704730197380559,42.357063392451934,-48.06179358983249,-32.08357023988175,94295.26980261944,12,14,-21.746515317321435,-2.219197563583186,14.445861132594809,-1.8042579130688388
75.0,80.0,85.0,20.0,30.0,35.0,390.7288638631807,370.0501494768311,20.67871438634961,-61.11058165440015,490728.8638631806,34,75,360.1735730359806,20.276585822819413,19.677088727559887,337.60596921710953,216.0207772795217,121.58519193758784,-61.11058165440015,437605.9692171095,26,58,307.0506783899095,27.914680160130946,21.15545826848697,-5.9150614043682825,42.357063392451934,-48.272124796820215,-30.292966260240423,94084.93859563171,8,13,-21.061544534488498,-2.302584745705627,14.445861132594809,-1.832212905225473
65.0,75.0,85.0,15.0,30.0,35.0,272.3886619487239,370.0501494768311,-97.66148752810716,-64.15193927355973,372388.6619487239,64,70,240.31269231194403,16.48540488953234,19.677088727559887,207.0654776759945,216.0207772795217,-8.955299603527237,-64.15193927355973,307065.47767599445,40,53,174.9895080392146,20.5759758527706,21.15545826848697,4.789178069515709,42.357063392451934,-37.56788532293623,-42.34892616321495,104789.1780695157,16,14,-16.385285012091764,1.8033596015180509,14.445861132594809,-1.836685931299604
75.0,80.0,85.0,10.0,15.0,20.0,1028.3616072832117,370.0501494768311,658.3114578063806,-68.03105182935666,1128361.6072832118,27,18,994.3460813685334,32.47996961950334,19.677088727559887,657.7546018435522,216.0207772795217,441.73382456403056,-68.03105182935666,757754.6018435522,19,10,623.739075928874,40.18078894677773,21.15545826848697,-11.458392810238935,42.357063392451934,-53.81545620269087,-40.32216561292776,88541.60718976107,7,5,-31.61947561670281,-4.543149620490428,14.445861132594809,-1.838278251774971
70.0,75.0,85.0,20.0,25.0,35.0,440.4011455304885,370.0501494768311,70.35099605365747,-61.75267111574756,540401.1455304885,47,73,409.5248099726147,21.630134398262136,19.677088727559887,351.3092904145232,216.0207772795217,135.28851313500147,-61.75267111574756,451309.2904145232,32,57,320.43295485664936,28.57417824609012,21.15545826848697,-1.3122368375348858,42.357063392451934,-43.66930022998682,-43.44017049630098,98687.76316246513,12,12,-23.032322085685376,-0.5034012917974673,14.445861132594809,-1.845564466599389
70.0,75.0,90.0,20.0,30.0,35.0,367.39356873130646,370.0501494768311,-2.656580745524593,-61.37335203580287,467393.5687313064,47,75,336.706892713405,19.59838946935404,19.677088727559887,303.86924058118245,216.0207772795217,87.84846330166076,-61.37335203580287,403869.2405811825,32,58,273.182564563281,26.214524419720608,21.15545826848697,-0.4992311243183889,42.357063392451934,-42.856294516770326,-40.80736535661842,99500.7688756816,12,14,-20.9029138026276,-0.1910315782639005,14.445861132594809,-1.851174404108217
70.0,75.0,85.0,20.0,30.0,35.0,369.97008639443374,370.0501494768311,-0.0800630823973165,-61.75267111574756,469970.08639443375,47,75,339.09375083655993,19.67472267000494,19.677088727559887,303.5877674799235,216.0207772795217,87.56699020040182,-61.75267111574756,403587.7674799235,32,58,272.7114319220497,26.1998494335983,21.15545826848697,-0.5000394463779867,42.357063392451934,-42.85710283882992,-40.80784622438346,99499.96055362202,12,14,-20.90396255856972,-0.1913413636909555,14.445861132594809,-1.8543588486367697
80.0,85.0,90.0,10.0,25.0,35.0,433.4506138680177,370.0501494768311,63.40046439118663,-36.99353985865415,533450.6138680177,21,67,414.9538439386906,21.447527067861174,19.677088727559887,364.0485453976647,216.0207772795217,148.02776811814303,-36.99353985865415,464048.5453976648,17,52,345.55177546833767,29.17247898579798,21.15545826848697,-10.550044062974427,42.357063392451934,-52.90710745542636,-20.89105338783488,89449.95593702557,4,10,-20.99557075689187,-4.170179994973921,14.445861132594809,-1.8543987648759024
70.0,75.0,90.0,10.0,30.0,35.0,372.307609340843,370.0501494768311,2.2574598640119348,-61.37335203580287,472307.6093408431,47,68,341.62093332294154,19.74365592997556,19.677088727559887,296.92978455429216,216.0207772795217,80.90900727477046,-61.37335203580287,396929.78455429216,32,52,266.2431085363907,25.850214775422486,21.15545826848697,0.1235458065032668,42.357063392451934,-42.23351758594867,-41.71190471658859,100123.54580650326,12,13,-20.73240655179103,0.0471839876359014,14.445861132594809,-1.8596501511299883
75.0,80.0,85.0,10.0,30.0,35.0,400.028633153152,370.0501494768311,29.97848367632099,-61.11058165440015,500028.633153152,34,68,369.473342325952,20.53894445847144,19.677088727559887,334.7392932357361,216.0207772795217,118.71851595621442,-61.11058165440015,434739.2932357361,26,52,304.18400240853606,27.7745439862632,21.15545826848697,-5.630360183378425,42.357063392451934,-47.98742357583036,-31.099482254546672,94369.63981662158,8,12,-21.18010131065176,-2.1897405925720093,14.445861132594809,-1.8675430398927948
75.0,80.0,90.0,20.0,30.0,35.0,380.1710530733493,370.0501494768311,10.12090359651819,-59.14644080908376,480171.0530733493,36,75,350.59783266880737,19.97335519110604,19.677088727559887,332.3820765205288,216.0207772795217,116.36129924100712,-59.14644080908376,432382.0765205288,28,58,302.80885611598694,27.65873446933098,21.15545826848697,-5.91405561805467,42.357063392451934,-48.2711190105066,-30.2922268994782,94085.94438194532,8,13,-21.060169067793773,-2.302185721182193,14.445861132594809,-1.883068741369011
70.0,75.0,90.0,15.0,20.0,35.0,495.1354723136227,370.0501494768311,125.08532283679163,-61.75267111574756,595135.4723136227,45,60,464.2591367557489,22.99973438793583,19.677088727559887,385.859224980965,216.0207772795217,169.8384477014433,-61.75267111574756,485859.22498096497,30,45,354.9828894230912,30.16576574922505,21.15545826848697,-2.251868252533995,42.357063392451934,-44.60893164498593,-44.74077699919757,97748.131747466,12,11,-24.622256752132778,-0.8664100429644273,14.445861132594809,-1.893263304520586
75.0,80.0,90.0,10.0,20.0,25.0,859.4348173844625,370.0501494768311,489.3846679076314,-60.66200477000518,959434.8173844625,34,31,829.1038149994599,30.00964744816624,19.677088727559887,608.2777561253685,216.0207772795217,392.2569788458468,-60.66200477000518,708277.7561253684,26,22,577.9467537403659,38.61098689471592,21.15545826848697,-10.902341197012522,42.357063392451934,-53.25940458946445,-39.22714736146688,89097.65880298748,7,6,-30.515914877745963,-4.314554752365107,14.445861132594809,-1.8941501727597867
65.0,85.0,90.0,20.0,30.0,35.0,358.844630808729,370.0501494768311,-11.20551866810206,-59.84845606525708,458844.630808729,62,75,328.92040277610045,19.34242159774417,19.677088727559887,292.26972185814634,216.0207772795217,76.24894457862464,-59.84845606525708,392269.7218581464,42,58,262.3454938255178,25.60257954094871,21.15545826848697,-1.735733207507928,42.357063392451934,-44.09279659995986,-37.00764903475034,98264.26679249208,15,14,-20.23955772488309,-0.6667454949388807,14.445861132594809,-1.9028057935145253
65.0,75.0,90.0,15.0,20.0,35.0,403.4438260143493,370.0501494768311,33.393676537518274,-63.14802658965928,503443.8260143493,65,60,371.8698127195197,20.63420956894477,19.677088727559887,302.7580936145428,216.0207772795217,86.73731633502112,-63.14802658965928,402758.09361454286,41,45,271.1840803197132,26.156543578434444,21.15545826848697,1.5169840499185572,42.357063392451934,-40.84007934253338,-46.199940646740345,101516.98404991857,16,11,-21.582986273451617,0.5768854448238603,14.445861132594809,-1.902882036370598
70.0,75.0,90.0,20.0,25.0,35.0,425.4692760488513,370.0501494768311,55.41912657202028,-61.40316589467212,525469.2760488513,47,73,394.7676931015153,21.23522555212092,19.677088727559887,343.4216203326441,216.0207772795217,127.40084305312244,-61.40316589467212,443421.6203326441,32,57,312.72003738530805,28.19664168870317,21.15545826848697,-1.3117641747062314,42.357063392451934,-43.66882756715817,-43.43989960426589,98688.23582529376,12,12,-23.03171397683917,-0.5032192261254287,14.445861132594809,-1.920926346186445
75.0,80.0,90.0,10.0,30.0,35.0,388.3563121654424,370.0501494768311,18.306162688611323,-59.14644080908376,488356.3121654424,36,68,358.7830917609005,20.20894973339007,19.677088727559887,329.2706149825123,216.0207772795217,113.24983770299062,-59.14644080908376,429270.6149825123,28,52,299.69739457797044,27.50506089731597,21.15545826848697,-5.629354397064789,42.357063392451934,-47.98641778951672,-31.09875296629072,94370.6456029352,8,12,-21.17873088021015,-2.189342312353171,14.445861132594809,-1.9211078467144
70.0,85.0,90.0,10.0,15.0,35.0,590.6559461850962,370.0501494768311,220.6057967082652,-51.77570750475509,690655.9461850963,42,53,564.7680924327187,25.14317449556256,19.677088727559887,464.8608741013332,216.0207772795217,248.8400968218115,-51.77570750475509,564860.8741013332,30,39,438.9730203489556,33.477916920706875,21.15545826848697,-7.985529684861426,42.357063392451934,-50.34259307731336,-37.01947049054986,92014.47031513858,11,10,-26.49526493013636,-3.1296544350010724,14.445861132594809,-1.9298112741832705
65.0,85.0,90.0,15.0,20.0,35.0,496.96557053977824,370.0501494768311,126.9154210629472,-60.72276148358005,596965.5705397782,61,60,466.6041897979882,23.04357400061574,19.677088727559887,378.9305870179008,216.0207772795217,162.9098097383791,-60.72276148358005,478930.5870179008,41,45,348.5692062761108,29.854325000933123,21.15545826848697,-3.591399903675629,42.357063392451934,-45.94846329612757,-41.11365933411626,96408.60009632436,14,11,-24.14822957073376,-1.3876603176620983,14.445861132594809,-1.9316523662243263
65.0,70.0,75.0,25.0,30.0,35.0,184.00479975589,370.0501494768311,-186.04534972094112,-65.61587525663086,284004.7997558899,59,81,151.1968621275745,12.87929823763614,19.677088727559887,123.22532829403654,216.0207772795217,-92.79544898548517,-65.61587525663086,223225.32829403656,33,64,90.41739066572111,14.330926431058622,21.15545826848697,10.09954127041286,42.357063392451934,-32.25752212203908,-43.46656080531203,110099.54127041284,12,14,-11.633739132243154,3.74438481061361,14.445861132594809,-1.935792893939594
65.0,75.0,90.0,10.0,15.0,35.0,393.4077045636923,370.0501494768311,23.357555086861225,-63.14802658965928,493407.7045636923,62,53,361.83369126886265,20.3526069619878,19.677088727559887,283.4953807583378,216.0207772795217,67.47460347881608,-63.14802658965928,383495.3807583378,38,39,251.9213674635081,25.129582487792025,21.15545826848697,2.7193298454943005,42.357063392451934,-39.637733546957634,-47.445149496359385,102719.3298454943,15,10,-21.003244902685392,1.0303456159018731,14.445861132594809,-1.9380460282602785
75.0,85.0,90.0,15.0,25.0,30.0,731.6840120078735,370.0501494768311,361.6338625310425,-48.30005097114469,831684.0120078736,32,47,707.5339865223012,27.87129103928565,19.677088727559887,555.3374149842952,216.0207772795217,339.3166377047735,-48.30005097114469,655337.4149842951,24,33,531.1873894987228,36.82665116184602,21.15545826848697,-13.285251335714245,42.357063392451934,-55.64231472816618,-29.835442186901503,86714.74866428575,8,10,-28.202972429165,-5.300484180105746,14.445861132594809,-1.952700929908643
75.0,80.0,85.0,10.0,20.0,25.0,865.9168690348981,370.0501494768311,495.8667195580671,-64.72041628160868,965916.869034898,32,31,833.5566608940937,30.1112893604947,19.677088727559887,598.6310413364381,216.0207772795217,382.6102640569165,-64.72041628160868,698631.0413364382,24,22,566.2708331956337,38.29432376135842,21.15545826848697,-10.903332381107964,42.357063392451934,-53.2603957735599,-39.22782344079131,89096.66761889204,7,6,-30.51724410150362,-4.314961446341048,14.445861132594809,-1.9578147584480905
80.0,85.0,90.0,20.0,25.0,35.0,408.7474625057769,370.0501494768311,38.69731302894587,-34.23989094054755,508747.46250577696,21,73,391.6275170355032,20.78102551616623,19.677088727559887,353.2772968289442,216.0207772795217,137.2565195494225,-34.23989094054755,453277.2968289442,17,57,336.15735135867044,28.667517538755472,21.15545826848697,-10.716693633789642,42.357063392451934,-53.07375702624158,-20.615820224778147,89283.30636621035,4,11,-21.02460374617872,-4.238430715977914,14.445861132594809,-1.972230706631326
70.0,75.0,90.0,10.0,15.0,35.0,515.3166611037033,370.0501494768311,145.26651162687222,-61.75267111574756,615316.6611037033,44,53,484.4403255458295,23.47672271643093,19.677088727559887,383.0097726093057,216.0207772795217,166.988995329784,-61.75267111574756,483009.7726093057,29,39,352.1334370514319,30.038134367258,21.15545826848697,-2.006776485871964,42.357063392451934,-44.3638398783239,-45.94915908824269,97993.22351412804,12,10,-24.981356029993307,-0.7715163611952791,14.445861132594809,-1.977946896668562
70.0,75.0,90.0,10.0,25.0,35.0,437.6537420924568,370.0501494768311,67.60359261562576,-61.40316589467212,537653.7420924568,47,67,406.95215914512073,21.558202964438287,19.677088727559887,339.5723480824829,216.0207772795217,123.5515708029612,-61.40316589467212,439572.3480824829,32,52,308.8707651351468,28.01036407012276,21.15545826848697,-0.9665102273636704,42.357063392451934,-43.323573619815605,-44.55594489701,99033.48977263633,12,11,-23.244482675868667,-0.3703740384240706,14.445861132594809,-1.9834370271710544
75.0,85.0,90.0,15.0,20.0,30.0,818.3051325574319,370.0501494768311,448.2549830806008,-52.93537810779458,918305.132557432,31,41,791.8374435035346,29.350193183557383,19.677088727559887,613.2815490144486,216.0207772795217,397.26077173492695,-52.93537810779458,713281.5490144485,23,27,586.8138599605513,38.77382831424987,21.15545826848697,-14.436021692403076,42.357063392451934,-56.79308508485501,-31.00118381441144,85563.97830759692,8,10,-29.9366135996088,-5.782615862552509,14.445861132594809,-1.993225255769264
65.0,75.0,90.0,20.0,25.0,35.0,349.5273435684164,370.0501494768311,-20.52280590841468,-61.75267111574756,449527.3435684163,67,73,318.65100801054257,19.05860199928704,19.677088727559887,272.51575464715654,216.0207772795217,56.494977367634846,-61.75267111574756,372515.7546471565,43,57,241.6394190892828,24.524834530313377,21.15545826848697,1.8633193807766848,42.357063392451934,-40.49374401167525,-44.789924252346445,101863.3193807767,16,12,-20.53164274539654,0.7078432609787244,14.445861132594809,-2.00309962605476
75.0,80.0,90.0,15.0,20.0,35.0,503.2780582923383,370.0501494768311,133.22790881550725,-60.38219432168497,603278.0582923383,35,60,473.0869611314958,23.193882205207792,19.677088727559887,413.7170059305911,216.0207772795217,197.6962286510694,-60.38219432168497,513717.005930591,27,45,383.5259087697486,31.38177449363635,21.15545826848697,-7.753940111677437,42.357063392451934,-50.11100350412937,-34.32751807930467,92246.05988832256,8,10,-24.91769915132977,-3.0365760894866978,14.445861132594809,-2.0193435938885127
65.0,85.0,90.0,10.0,30.0,35.0,355.2867977231442,370.0501494768311,-14.763351753686834,-59.84845606525708,455286.7977231442,62,68,325.36256969051567,19.234650755020155,19.677088727559887,279.98364869941616,216.0207772795217,63.96287141989447,-59.84845606525708,379983.6486994162,42,52,250.0594206667876,24.937746403067763,21.15545826848697,-1.297553314273192,42.357063392451934,-43.65461670672513,-37.97912739530953,98702.4466857268,15,13,-20.28711701192796,-0.497745576058417,14.445861132594809,-2.023070309874334
70.0,75.0,85.0,15.0,20.0,35.0,486.2470411374716,370.0501494768311,116.19689166064052,-64.49944210503116,586247.0411374716,44,60,453.997320084956,22.785103989802693,19.677088727559887,371.4004781781019,216.0207772795217,155.37970089858018,-64.49944210503116,471400.4781781018,29,45,339.1507571255863,29.51156184848089,21.15545826848697,-2.252163382299821,42.357063392451934,-44.60922677475176,-44.74094384270907,97747.83661770016,12,11,-24.62263530365436,-0.8665243987440063,14.445861132594809,-2.0241951002772947
80.0,85.0,90.0,15.0,30.0,35.0,380.26498238549937,370.0501494768311,10.214832908668312,-34.778735531932305,480264.9823854994,21,70,362.8756146195332,19.97607880730492,19.677088727559887,331.4197377000845,216.0207772795217,115.39896042056282,-34.778735531932305,431419.73770008446,17,53,314.0303699341184,27.611303716121483,21.15545826848697,-10.304965109355024,42.357063392451934,-52.66202850180696,-20.201088156864067,89695.03489064498,4,13,-20.405509187787057,-4.069951401596228,14.445861132594809,-2.03248871001862
70.0,75.0,85.0,10.0,30.0,35.0,352.8746641780701,370.0501494768311,-17.175485298760975,-61.75267111574756,452874.66417807,47,68,321.9983286201963,19.1611602234254,19.677088727559887,280.7222266394201,216.0207772795217,64.70144935989842,-61.75267111574756,380722.22663942014,32,52,249.8458910815464,24.97821515382208,21.15545826848697,0.1228313415899462,42.357063392451934,-42.23423205086199,-41.71232065070885,100122.83134158996,12,13,-20.73332898376448,0.04691122627829,14.445861132594809,-2.0342689637445424
70.0,85.0,90.0,10.0,25.0,35.0,502.025887827692,370.0501494768311,131.97573835086092,-47.66835824189898,602025.887827692,42,67,478.1917087067425,23.16417736039396,19.677088727559887,411.5427228099732,216.0207772795217,195.52194553045152,-47.66835824189898,511542.7228099732,30,52,387.7085436890237,31.28886919655176,21.15545826848697,-7.188393469475063,42.357063392451934,-49.54545686192699,-35.80015206137104,92811.60653052494,11,11,-25.08846950016058,-2.809882023799215,14.445861132594809,-2.037836908815203
65.0,75.0,90.0,10.0,30.0,35.0,273.9683436673328,370.0501494768311,-96.08180580949823,-61.75267111574756,373968.3436673328,64,68,243.09200810945904,16.54264827448695,19.677088727559887,210.4549872305612,216.0207772795217,-5.56579004896048,-61.75267111574756,310454.9872305612,40,52,179.57865167268744,20.796941314867603,21.15545826848697,4.193667867180584,42.357063392451934,-38.16339552527135,-43.42955965724693,104193.6678671806,16,13,-17.52111196144288,1.5819321578881995,14.445861132594809,-2.044484026642804
65.0,85.0,90.0,10.0,15.0,35.0,496.57532562971534,370.0501494768311,126.52517615288428,-60.72276148358005,596575.3256297153,61,53,466.2139448879253,23.034235742103903,19.677088727559887,361.4173042362257,216.0207772795217,145.39652695670398,-60.72276148358005,461417.30423622567,41,39,331.05592349443566,29.05003383026809,21.15545826848697,-3.012733413777813,42.357063392451934,-45.36979680622974,-42.106649768231605,96987.2665862222,14,10,-24.066058297893616,-1.1619389858218976,14.445861132594809,-2.045090778072737
75.0,80.0,85.0,20.0,25.0,35.0,448.0880366562455,370.0501494768311,78.03788717941444,-61.17517204822293,548088.0366562455,34,73,417.500450632134,21.82968567633916,19.677088727559887,376.4647978059625,216.0207772795217,160.44402052644082,-61.17517204822293,476464.7978059625,26,57,345.87721178185103,29.74258224699357,21.15545826848697,-7.088024901974988,42.357063392451934,-49.44508829442693,-33.06926677529225,92911.975098025,8,11,-23.62265828962112,-2.769739485707823,14.445861132594809,-2.047913120359556
70.0,75.0,85.0,10.0,25.0,35.0,430.827032259567,370.0501494768311,60.776882782735925,-61.75267111574756,530827.032259567,47,67,399.9506967016932,21.37805208950084,19.677088727559887,332.1262961139867,216.0207772795217,116.10551883446502,-61.75267111574756,432126.2961139868,32,52,301.2499605561129,27.64613642035565,21.15545826848697,-0.9668458402864232,42.357063392451934,-43.32390923273836,-44.55613279043296,99033.15415971358,12,11,-23.244912235502905,-0.3705030349097526,14.445861132594809,-2.0563851941824667
75.0,80.0,85.0,15.0,20.0,35.0,507.1203657317498,370.0501494768311,137.07021625491882,-63.59655868364615,607120.3657317499,33,60,475.3220863899268,23.28469307971053,19.677088727559887,408.4366328167807,216.0207772795217,192.41585553725892,-63.59655868364615,508436.6328167807,25,45,376.6383534749576,31.15557616269047,21.15545826848697,-7.754945897991073,42.357063392451934,-50.112009290443005,-34.32823301628939,92245.05410200891,8,10,-24.919062406135765,-3.036980013464341,14.445861132594809,-2.0649173043616287
75.0,85.0,90.0,15.0,20.0,25.0,970.432934108155,370.0501494768311,600.382784631324,-52.94841357054112,1070432.934108155,31,33,943.9587273228844,31.672073460526583,19.677088727559887,708.0440575755731,216.0207772795217,492.0232802960514,-52.94841357054112,808044.057575573,23,23,681.5698507903026,41.69116200186529,21.15545826848697,-15.996974432153287,42.357063392451934,-58.35403782460522,-33.29225549460916,84003.02556784671,8,7,-32.64310217945787,-6.443046869785696,14.445861132594809,-2.068145840967523
65.0,75.0,90.0,20.0,30.0,35.0,283.7002379828189,370.0501494768311,-86.34991149401213,-61.75267111574756,383700.2379828189,66,75,252.82390242494515,16.89066328935254,19.677088727559887,226.25465634661168,216.0207772795217,10.233879067089989,-61.75267111574756,326254.6563466117,42,58,195.3783207887379,21.80115641863003,21.15545826848697,2.8295501331804696,42.357063392451934,-39.527513259271466,-42.43762094621847,102829.55013318048,16,14,-18.389260339928764,1.0717503129089143,14.445861132594809,-2.0760653340240083
65.0,75.0,90.0,10.0,25.0,35.0,336.2812440909876,370.0501494768311,-33.76890538584348,-61.75267111574756,436281.2440909876,66,67,305.40490853311377,18.64601915008901,19.677088727559887,252.5817218008751,216.0207772795217,36.560944521353406,-61.75267111574756,352581.7218008751,42,52,221.70538624300133,23.38786177954004,21.15545826848697,2.9730464599200035,42.357063392451934,-39.38401693253193,-46.01082782406588,102973.04645992,16,11,-20.032367452112936,1.1256142156360172,14.445861132594809,-2.08103341285413
70.0,85.0,90.0,20.0,25.0,35.0,466.2842871811853,370.0501494768311,96.23413770435428,-47.66835824189898,566284.2871811853,42,73,442.45010806023583,22.292375750393223,19.677088727559887,392.4469864629769,216.0207772795217,176.4262091834552,-47.66835824189898,492446.9864629769,30,57,368.6128073420274,30.45847088835034,21.15545826848697,-7.137896911675224,42.357063392451934,-49.49496030412716,-34.74977694083202,92862.10308832476,12,12,-24.512785382091234,-2.789682509117919,14.445861132594809,-2.085749373858743
80.0,85.0,90.0,10.0,30.0,35.0,377.6423521419548,370.0501494768311,7.59220266512375,-36.2859051399878,477642.3521419548,21,68,359.4993995719609,19.899854270176288,19.677088727559887,328.179775794493,216.0207772795217,112.15899851497132,-36.2859051399878,428179.775794493,17,52,310.0368232244992,27.450965122253844,21.15545826848697,-10.411279878076252,42.357063392451934,-52.768343270528185,-20.30311616679932,89588.72012192375,4,12,-20.56283796147591,-4.113409559339065,14.445861132594809,-2.103007032318517
75.0,80.0,90.0,20.0,25.0,35.0,434.29748789096686,370.0501494768311,64.24733841413581,-59.198402310992826,534297.4878909668,36,73,404.6982867354705,21.46988863452644,19.677088727559887,369.6846723888724,216.0207772795217,153.6638951093507,-59.198402310992826,469684.6723888724,28,57,340.085471233376,29.43282241557479,21.15545826848697,-7.087019115661375,42.357063392451934,-49.44408250811331,-33.06854484543553,92912.98088433864,8,11,-23.62129153837914,-2.7693373558146828,14.445861132594809,-2.109531509227101
65.0,85.0,90.0,10.0,25.0,35.0,433.1248100688314,370.0501494768311,63.074660592000384,-59.883379560305606,533124.8100688314,62,67,403.18312028867865,21.43891591414813,19.677088727559887,330.1012456120632,216.0207772795217,114.08046833254151,-59.883379560305606,430101.2456120632,42,52,300.15955583191044,27.5461759156125,21.15545826848697,-2.6032564516275003,42.357063392451934,-44.96031984407944,-40.98908734122848,97396.7435483725,14,11,-23.097800122241743,-1.0027160230405063,14.445861132594809,-2.130611192495639
65.0,85.0,90.0,20.0,25.0,35.0,423.5575053272156,370.0501494768311,53.5073558503845,-59.883379560305606,523557.50532721553,62,73,393.6158155470628,21.183950022319543,19.677088727559887,335.28386754240574,216.0207772795217,119.26309026288403,-59.883379560305606,435283.8675424057,42,57,305.34217776225296,27.801224376239063,21.15545826848697,-3.2207287697588183,42.357063392451934,-45.57779216221076,-40.07170647793335,96779.27123024118,14,12,-23.25658200872549,-1.24297600754244,14.445861132594809,-2.14403240396707
65.0,70.0,75.0,20.0,30.0,35.0,193.27488107881115,370.0501494768311,-176.7752683980199,-66.72384646866597,293274.8810788112,59,75,159.91295784447817,13.30088030390668,19.677088727559887,134.50807257489942,216.0207772795217,-81.51270470462228,-66.72384646866597,234508.07257489944,33,58,101.14614934056644,15.275024092607993,21.15545826848697,8.756028880340372,42.357063392451934,-33.60103451211156,-44.337118662459474,108756.02888034035,11,14,-13.412530450889363,3.25887473502553,14.445861132594809,-2.1496106964767163
75.0,80.0,85.0,10.0,25.0,35.0,462.99171666037387,370.0501494768311,92.94156718354282,-61.17517204822293,562991.7166603738,34,67,432.4041306362624,22.20963639768463,19.677088727559887,375.460477417722,216.0207772795217,159.4397001382003,-61.17517204822293,475460.477417722,26,52,344.8728913936105,29.69693108794793,21.15545826848697,-7.044792287014667,42.357063392451934,-49.4018556794666,-34.143331768629835,92955.20771298531,8,10,-24.116458171329583,-2.752456802520053,14.445861132594809,-2.153216107430394
65.0,75.0,85.0,20.0,25.0,35.0,329.4791037286245,370.0501494768311,-40.57104574820653,-64.31090877620282,429479.1037286245,66,73,297.3236493405231,18.429828201224364,19.677088727559887,256.017565270209,216.0207772795217,39.996787990687295,-64.31090877620282,356017.565270209,42,57,223.8621108821076,23.58758835850039,21.15545826848697,1.862991562211458,42.357063392451934,-40.49407183024048,-44.79010193051292,101862.99156221143,16,12,-20.532059403045,0.7077194349968563,14.445861132594809,-2.1906471151222187
75.0,80.0,90.0,10.0,15.0,35.0,515.7013488348869,370.0501494768311,145.6511993580558,-60.38219432168497,615701.3488348869,35,53,485.5102516740444,23.48567983382006,19.677088727559887,404.9649889732019,216.0207772795217,188.94421169368024,-60.38219432168497,504964.9889732019,27,39,374.7738918123594,31.005790576486937,21.15545826848697,-7.779079860345616,42.357063392451934,-50.13614325279755,-35.491498462369464,92220.92013965438,8,9,-25.52482909153035,-3.0466730336405123,14.445861132594809,-2.217501429324854
75.0,80.0,90.0,10.0,25.0,35.0,447.77544330883046,370.0501494768311,77.72529383199941,-59.198402310992826,547775.4433088305,36,67,418.1762421533341,21.82161916939784,19.677088727559887,368.37385575060335,216.0207772795217,152.35307847108166,-59.198402310992826,468373.85575060337,28,52,338.77465459510694,29.37250654394472,21.15545826848697,-7.043786500701044,42.357063392451934,-49.40084989315298,-34.14262068249116,92956.21349929896,8,10,-24.115096841946624,-2.752054788207847,14.445861132594809,-2.217768598314234
65.0,75.0,85.0,10.0,30.0,35.0,258.2428167945507,370.0501494768311,-111.80733268228032,-64.15193927355973,358242.8167945507,64,68,226.1668471577709,15.963003741782789,19.677088727559887,197.33966810285207,216.0207772795217,-18.681109176669622,-64.15193927355973,297339.66810285207,40,52,165.2636984660722,19.930460066445946,21.15545826848697,4.193116901335925,42.357063392451934,-38.16394649111601,-43.42985879615896,104193.11690133592,16,13,-17.521812496743557,1.5817269316608984,14.445861132594809,-2.217943587266085
65.0,75.0,85.0,20.0,30.0,35.0,269.87189250147685,370.0501494768311,-100.1782569753542,-64.15193927355973,369871.89250147686,65,75,237.795922864697,16.393759038540523,19.677088727559887,214.46710007788573,216.0207772795217,-1.5536772016359637,-64.15193927355973,314467.1000778857,41,58,182.39113044110587,21.05591187206628,21.15545826848697,2.8288939037043326,42.357063392451934,-39.5281694887476,-42.43798829324861,102828.89390370432,16,14,-18.39010024291997,1.071503878825486,14.445861132594809,-2.225311160194001
65.0,75.0,85.0,15.0,20.0,35.0,365.1057601687844,370.0501494768311,-4.944389308046652,-66.26886948664958,465105.7601687844,63,60,331.9713254254596,19.53029729957798,19.677088727559887,272.4148008546225,216.0207772795217,56.39402357510082,-66.26886948664958,372414.8008546225,39,45,239.28036611129767,24.519205557960213,21.15545826848697,1.5168548347623378,42.357063392451934,-40.84020855768959,-46.20000912575535,101516.85483476234,16,11,-21.583149728115337,0.5768365339484438,14.445861132594809,-2.2303882804359656
70.0,85.0,90.0,10.0,20.0,35.0,564.706699387175,370.0501494768311,194.656549910344,-51.77570750475509,664706.699387175,42,58,538.8188456347975,24.58818066219304,19.677088727559887,463.5411378023742,216.0207772795217,247.52036052285249,-51.77570750475509,563541.1378023742,30,44,437.6532840499966,33.42585450411253,21.15545826848697,-9.022332246303687,42.357063392451934,-51.379395638755625,-37.20829808933658,90977.66775369633,11,10,-27.626481290971977,-3.548141144406014,14.445861132594809,-2.231122878494024
80.0,85.0,90.0,20.0,30.0,35.0,358.5454987382027,370.0501494768311,-11.504650738628357,-33.62179839991853,458545.49873820273,21,75,341.7345995382434,19.33338903853472,19.677088727559887,319.55166942234393,216.0207772795217,103.53089214282224,-33.62179839991853,419551.6694223439,17,58,302.74077022238464,27.018994305373955,21.15545826848697,-10.616587628824693,42.357063392451934,-52.97365102127662,-20.259829781929582,89383.4123711753,4,13,-20.746502519789484,-4.19742323732989,14.445861132594809,-2.2396814479015568
65.0,75.0,85.0,10.0,25.0,35.0,318.788851981545,370.0501494768311,-51.26129749528605,-64.31090877620282,418788.851981545,64,67,286.6333975934436,18.083867052792392,19.677088727559887,238.54701632748987,216.0207772795217,22.526239047968176,-64.31090877620282,338547.01632748987,40,52,206.39156193938845,22.554790122376424,21.15545826848697,2.972874521491531,42.357063392451934,-39.3841888709604,-46.01091797205837,102972.87452149153,16,11,-20.032584464537656,1.125549703247719,14.445861132594809,-2.247698692138497
75.0,85.0,90.0,10.0,25.0,30.0,727.5077292352452,370.0501494768311,357.4575797584141,-48.30005097114469,827507.729235245,32,45,703.3577037496729,27.79660079217663,19.677088727559887,548.180368805276,216.0207772795217,332.1595915257543,-48.30005097114469,648180.368805276,24,32,524.0303433197037,36.57628802144271,21.15545826848697,-13.890469291708277,42.357063392451934,-56.247532684160205,-30.760837138153484,86109.53070829173,8,9,-29.270887860785017,-5.553552612693169,14.445861132594809,-2.2598075342963284
75.0,80.0,85.0,10.0,15.0,35.0,521.1120083861684,370.0501494768311,151.0618589093374,-63.59655868364615,621112.0083861685,33,53,489.3137290443453,23.61114102714728,19.677088727559887,399.9473941640304,216.0207772795217,183.92661688450863,-63.59655868364615,499947.3941640303,25,39,368.14911482220725,30.78778079192064,21.15545826848697,-7.780085646659252,42.357063392451934,-50.13714903911119,-35.49220200954577,92219.91435334076,8,9,-25.526186651432138,-3.0470770256569746,14.445861132594809,-2.2614363357664446
65.0,75.0,85.0,10.0,15.0,35.0,355.16951638821695,370.0501494768311,-14.880633088614104,-66.26886948664958,455169.516388217,60,53,322.03508164489216,19.231085511007983,19.677088727559887,254.11384896247523,216.0207772795217,38.093071682953536,-66.26886948664958,354113.84896247525,36,39,220.97941421915044,23.47712421046979,21.15545826848697,2.7193298454943005,42.357063392451934,-39.637733546957634,-47.445149496359385,102719.3298454943,15,10,-21.003244902685392,1.0303456159018731,14.445861132594809,-2.268537683724725
65.0,85.0,90.0,10.0,20.0,35.0,490.05543077398926,370.0501494768311,120.0052812971582,-60.72276148358005,590055.4307739893,61,58,459.6940500321992,22.877415582783733,19.677088727559887,374.8138533040399,216.0207772795217,158.79307602451823,-60.72276148358005,474813.8533040399,41,44,344.4524725622499,29.667496396731583,21.15545826848697,-4.493553250306659,42.357063392451934,-46.8506166427586,-42.30472840000083,95506.44674969334,14,10,-25.64591745030708,-1.7412408682654037,14.445861132594809,-2.31795235154524
75.0,85.0,90.0,10.0,15.0,30.0,851.0762160978777,370.0501494768311,481.02606662104665,-52.93537810779458,951076.2160978776,31,34,824.6085270439804,29.87768043769565,19.677088727559887,592.0500381195436,216.0207772795217,376.029260840022,-52.93537810779458,692050.0381195436,23,21,565.5823490656463,38.076198714244505,21.15545826848697,-14.78310895226672,42.357063392451934,-57.14017234471866,-31.942391561768467,85216.89104773328,8,9,-30.75430473315096,-5.9288188483701205,14.445861132594809,-2.3219038912874863
75.0,85.0,90.0,20.0,25.0,30.0,653.1354569161522,370.0501494768311,283.0853074393211,-48.30005097114469,753135.4569161522,32,51,628.9854314305799,26.40738560535616,19.677088727559887,515.2808588523217,216.0207772795217,299.2600815728,-48.30005097114469,615280.8588523216,24,37,491.1308333667493,35.39490160169998,21.15545826848697,-13.631220851370252,42.357063392451934,-55.988284243822186,-29.92497145244153,86368.77914862975,8,10,-28.59370657759101,-5.44501522335824,14.445861132594809,-2.341948946605976
75.0,85.0,90.0,10.0,20.0,30.0,813.0528651751857,370.0501494768311,443.0027156983547,-52.93537810779458,913052.8651751858,31,39,786.5851761212884,29.26410951356604,19.677088727559887,604.9216653808835,216.0207772795217,388.9008881013618,-52.93537810779458,704921.6653808835,23,26,578.4539763269862,38.5012297451008,21.15545826848697,-15.16751952521782,42.357063392451934,-57.52458291766976,-32.04790780509724,84832.48047478218,8,9,-31.19147342776644,-6.091173568686159,14.445861132594809,-2.35297987765453
70.0,75.0,85.0,10.0,15.0,35.0,465.73812328759374,370.0501494768311,95.68797381076268,-64.49944210503116,565738.1232875937,43,53,433.4884022350782,22.278680608519675,19.677088727559887,342.67291369295754,216.0207772795217,126.65213641343584,-64.49944210503116,442672.9136929575,28,39,310.4231926404419,28.160515405345453,21.15545826848697,-2.0069149750728377,42.357063392451934,-44.36397836752477,-45.9492354757468,97993.08502492716,12,10,-24.98153271294624,-0.7715699394721054,14.445861132594809,-2.353513153681419
70.0,75.0,90.0,10.0,20.0,35.0,487.53100268459536,370.0501494768311,117.48085320776433,-61.75267111574756,587531.0026845954,45,58,456.6546671267216,22.816285023393323,19.677088727559887,381.5823235916597,216.0207772795217,165.56154631213795,-61.75267111574756,481582.3235916596,30,44,350.70598803378584,29.97396069740754,21.15545826848697,-3.5211680562201364,42.357063392451934,-45.87823144867207,-46.17987346507159,96478.83194377986,12,10,-26.61110478875593,-1.360220312523608,14.445861132594809,-2.396510636684958
75.0,85.0,90.0,10.0,15.0,25.0,1021.6342168175298,370.0501494768311,651.5840673406988,-53.17254267243161,1121634.21681753,31,27,995.047945481314,32.38805402241831,19.677088727559887,691.609462365435,216.0207772795217,475.5886850859133,-53.17254267243161,791609.462365435,23,18,665.0231910292192,41.20640592152333,21.15545826848697,-16.5475505186378,42.357063392451934,-58.90461391108973,-34.32962073013324,83452.4494813622,8,6,-33.71236088370442,-6.677800608533202,14.445861132594809,-2.4214235107742006
65.0,75.0,90.0,10.0,20.0,35.0,378.0764084968404,370.0501494768311,8.026259020009377,-63.14802658965928,478076.4084968404,64,58,346.5023952020108,19.912495259453426,19.677088727559887,287.4740686115594,216.0207772795217,71.45329133203771,-63.14802658965928,387474.0686115594,40,44,255.90005531672972,25.34516647856371,21.15545826848697,0.568065695733555,42.357063392451934,-41.78899769671838,-47.47368048547691,100568.06569573354,15,10,-23.1687745470049,0.216655792612963,14.445861132594809,-2.426680714155485
75.0,85.0,90.0,10.0,20.0,25.0,961.5538612564646,370.0501494768311,591.5037117796336,-52.94841357054112,1061553.8612564646,31,31,935.079654471194,31.544842483009727,19.677088727559887,700.9554058530985,216.0207772795217,484.9346285735768,-52.94841357054112,800955.4058530985,23,22,674.4811990678279,41.48309158088581,21.15545826848697,-16.967520023885797,42.357063392451934,-59.32458341633773,-34.4236282093724,83032.4799761142,8,6,-34.179334128571995,-6.857510734917039,14.445861132594809,-2.492298708975115
75.0,80.0,90.0,10.0,20.0,35.0,497.6413118253218,370.0501494768311,127.59116234849074,-60.38219432168497,597641.3118253218,35,58,467.4502146644793,23.05973121230207,19.677088727559887,408.8994652331937,216.0207772795217,192.87868795367203,-60.38219432168497,508899.46523319377,27,44,378.7083680723512,31.175480840959423,21.15545826848697,-8.913510194996988,42.357063392451934,-51.27057358744892,-35.72852213945967,91086.48980500302,8,9,-26.777771264726823,-3.504079103001989,14.445861132594809,-2.504579689224337
75.0,80.0,85.0,10.0,20.0,35.0,501.3015990789016,370.0501494768311,131.25144960207052,-63.59655868364615,601301.5990789016,33,58,469.5033197370785,23.146970346752727,19.677088727559887,403.67874715798126,216.0207772795217,187.6579698784596,-63.59655868364615,503678.74715798127,25,44,371.8804678161582,30.95007722327012,21.15545826848697,-8.914515981310611,42.357063392451934,-51.27157937376255,-35.72923183167558,91085.4840186894,8,9,-26.7791318971484,-3.504486196836232,14.445861132594809,-2.5499959929760463
80.0,85.0,90.0,25.0,30.0,35.0,312.5634198727484,370.0501494768311,-57.486729604082655,-31.810750905693176,412563.4198727484,21,81,296.6580444199018,17.878784284564595,19.677088727559887,279.33388840321487,216.0207772795217,63.313111123693176,-31.810750905693176,379333.88840321486,17,64,263.42851295036826,24.90208999105881,21.15545826848697,-10.377611412452536,42.357063392451934,-52.73467480490447,-20.13261432887048,89622.38858754747,4,13,-20.44391857688777,-4.099643495462468,14.445861132594809,-2.586783933244853
75.0,85.0,90.0,10.0,15.0,20.0,1116.9978004858865,370.0501494768311,746.9476510090554,-58.45411733768832,1216997.8004858866,31,18,1087.7707418170423,33.647826194073915,19.677088727559887,753.4765014701542,216.0207772795217,537.4557241906325,-58.45411733768832,853476.5014701542,23,10,724.24944280131,42.98974613971191,21.15545826848697,-18.13259532622402,42.357063392451934,-60.48965871867596,-35.6865768582854,81867.40467377598,8,5,-35.97588375536672,-7.35902029489448,14.445861132594809,-2.643243876086532
70.0,75.0,85.0,10.0,20.0,35.0,457.85156034674014,370.0501494768311,87.80141086990909,-64.49944210503116,557851.5603467402,44,58,425.6018392942245,22.079609778784803,19.677088727559887,353.3887636750677,216.0207772795217,137.367986395546,-64.49944210503116,453388.7636750677,29,44,321.1390426225521,28.672794115860743,21.15545826848697,-3.5212588487089858,42.357063392451934,-45.87832224116092,-46.17992411310639,96478.74115129102,12,10,-26.61122090526218,-1.3602557777255164,14.445861132594809,-2.656772070179037
65.0,75.0,85.0,10.0,20.0,35.0,342.1968760673672,370.0501494768311,-27.85327340946384,-66.26886948664958,442196.8760673672,62,58,309.0624413240424,18.83162552536181,19.677088727559887,258.9409789449056,216.0207772795217,42.92020166538387,-66.26886948664958,358940.9789449056,38,44,225.8065442015808,23.75626657540135,21.15545826848697,0.568065695733555,42.357063392451934,-41.78899769671838,-47.47368048547691,100568.06569573354,15,10,-23.1687745470049,0.216655792612963,14.445861132594809,-2.744460694787956
75.0,85.0,90.0,10.0,15.0,35.0,589.4022295362593,370.0501494768311,219.3520800594282,-51.18941671793347,689402.2295362593,32,53,563.8075211772925,25.116787680512665,19.677088727559887,481.0658687330436,216.0207772795217,265.0450914535219,-51.18941671793347,581065.8687330437,24,39,455.4711603740769,34.10906501430229,21.15545826848697,-15.051918146135012,42.357063392451934,-57.40898153858694,-31.96858283684813,84948.08185386499,8,9,-31.03620956455908,-6.042301937114358,14.445861132594809,-3.1917137664676507
75.0,85.0,90.0,15.0,20.0,35.0,536.3870147119288,370.0501494768311,166.33686523509778,-51.18941671793347,636387.0147119289,32,60,510.7923063529621,23.96019183942093,19.677088727559887,452.1213899663901,216.0207772795217,236.1006126868684,-51.18941671793347,552121.3899663901,24,45,426.52668160742337,32.97106156174796,21.15545826848697,-14.686850525839834,42.357063392451934,-57.04391391829176,-31.024767237781223,85313.14947416016,8,10,-30.199234144730447,-5.888235255067265,14.445861132594809,-3.224789553741216
75.0,85.0,90.0,15.0,30.0,35.0,401.46811315154827,370.0501494768311,31.41796367471721,-46.654685029324526,501468.11315154826,32,70,378.140770636886,20.57916794424155,19.677088727559887,350.3009899097722,216.0207772795217,134.28021263025053,-46.654685029324526,450300.9899097722,24,53,326.97364739511,28.52622476131279,21.15545826848697,-12.713487861441642,42.357063392451934,-55.070551253893576,-28.154860706725227,87286.51213855836,8,13,-26.790918214804258,-5.062405223941225,14.445861132594809,-3.289976740490724
75.0,85.0,90.0,15.0,25.0,35.0,460.5334693618137,370.0501494768311,90.48331988498268,-46.83089411225262,560533.4693618137,32,69,437.1180223056874,22.14758349537165,19.677088727559887,388.1526243832077,216.0207772795217,172.131847103686,-46.83089411225262,488152.6243832077,24,53,364.7371773270814,30.26803844404189,21.15545826848697,-13.651619702255946,42.357063392451934,-56.00868309470788,-29.97738863748761,86348.38029774405,8,11,-28.64031402099976,-5.453548137558839,14.445861132594809,-3.3781096908725905
75.0,85.0,90.0,10.0,30.0,35.0,398.4306435914558,370.0501494768311,28.38049411462476,-46.654685029324526,498430.64359145577,32,68,375.1033010767935,20.494171669857764,19.677088727559887,346.972943107028,216.0207772795217,130.95216582750632,-46.654685029324526,446972.943107028,24,52,323.6456005923658,28.367309504634907,21.15545826848697,-13.150752010742185,42.357063392451934,-55.50781540319412,-28.888374974201447,86849.24798925781,8,12,-27.59493949784291,-5.244392399902753,14.445861132594809,-3.5134028829489146
75.0,85.0,90.0,20.0,30.0,35.0,371.9523570608765,370.0501494768311,1.9022075840454704,-46.654685029324526,471952.35706087656,32,75,348.6250145462143,19.73319904467519,19.677088727559887,331.5009537969312,216.0207772795217,115.48017651740948,-46.654685029324526,431500.9537969312,24,58,308.1736112822689,27.61531001458586,21.15545826848697,-13.024837730235127,42.357063392451934,-55.38190112268706,-28.232002198252417,86975.16226976487,8,13,-27.140838829361336,-5.1919295658749975,14.445861132594809,-3.56406466124578
75.0,85.0,90.0,10.0,20.0,35.0,531.4070127374168,370.0501494768311,161.35686326058578,-51.18941671793347,631407.0127374168,32,58,505.8123043784501,23.84721464614365,19.677088727559887,447.69332002967246,216.0207772795217,231.6725427501508,-51.18941671793347,547693.3200296725,24,44,422.09861167070574,32.79260236202766,21.15545826848697,-15.43197275312188,42.357063392451934,-57.78903614557382,-32.05586248692798,84568.02724687812,8,9,-31.459903996585872,-6.203128764492771,14.445861132594809,-3.5682716997265294
75.0,85.0,90.0,10.0,25.0,35.0,456.7865474195729,370.0501494768311,86.73639794274186,-46.83089411225262,556786.547419573,32,67,433.3711003634466,22.05253657988684,19.677088727559887,384.8607847540746,216.0207772795217,168.84000747455295,-46.83089411225262,484860.7847540746,24,52,361.44533769794833,30.12111521840768,21.15545826848697,-14.28765574458206,42.357063392451934,-56.644719137034,-30.917881424942006,85712.34425541793,8,10,-29.746596457053062,-5.720231732314939,14.445861132594809,-3.674887951336337
75.0,85.0,90.0,20.0,25.0,35.0,423.72878621647135,370.0501494768311,53.6786367396403,-46.83089411225262,523728.78621647134,32,73,400.313339160345,21.18855068423091,19.677088727559887,366.4499529970068,216.0207772795217,150.4291757174851,-46.83089411225262,466449.9529970068,24,57,343.0345059408805,29.283724936669262,21.15545826848697,-13.997589217911957,42.357063392451934,-56.354652610363885,-30.06757979261908,86002.41078208805,8,11,-29.03137911422149,-5.598458574788934,14.445861132594809,-3.678183292059824
75.0,85.0,90.0,25.0,30.0,35.0,323.6138287589852,370.0501494768311,-46.43632071784589,-43.64867537316839,423613.8287589852,32,81,301.7894910724009,18.24096952539953,19.677088727559887,288.8448378808039,216.0207772795217,72.82406060128218,-43.64867537316839,388844.8378808039,24,64,267.02050019421966,25.419014054906874,21.15545826848697,-12.229296364550246,42.357063392451934,-54.58635975700218,-27.40390364443036,87770.70363544975,8,13,-25.931248186765423,-4.861543206013652,14.445861132594809,-3.705762863889496
